ISO-10303-21;
HEADER;
FILE_DESCRIPTION (( 'STEP AP203' ),
    '1' );
FILE_NAME ('GBT_75-1985_M6_12.STEP',
    '2026-05-10T15:02:37',
    ( '' ),
    ( '' ),
    'SwSTEP 2.0',
    'SolidWorks 2022',
    '' );
FILE_SCHEMA (( 'CONFIG_CONTROL_DESIGN' ));
ENDSEC;

DATA;
#1 = CARTESIAN_POINT ( 'NONE',  ( 3.519749999999999712, 3.673940397442059868E-16, -3.000000000000000000 ) ) ;
#2 = APPLICATION_CONTEXT ( 'configuration controlled 3d designs of mechanical parts and assemblies' ) ;
#3 = DIRECTION ( 'NONE',  ( 0.000000000000000000, -1.000000000000000000, 0.000000000000000000 ) ) ;
#4 = VERTEX_POINT ( 'NONE', #167 ) ;
#5 = DIRECTION ( 'NONE',  ( 0.000000000000000000, 0.000000000000000000, 1.000000000000000000 ) ) ;
#6 = CC_DESIGN_SECURITY_CLASSIFICATION ( #1047, ( #240 ) ) ;
#7 = VECTOR ( 'NONE', #1647, 1000.000000000000000 ) ;
#8 = DIRECTION ( 'NONE',  ( 1.000000000000000000, 0.000000000000000000, 0.000000000000000000 ) ) ;
#9 = ORIENTED_EDGE ( 'NONE', *, *, #1927, .F. ) ;
#10 = CARTESIAN_POINT ( 'NONE',  ( 1.751065872510961130, -0.5000000000000000000, -2.640247677916197855 ) ) ;
#11 = DIRECTION ( 'NONE',  ( -1.000000000000000000, -0.000000000000000000, -0.000000000000000000 ) ) ;
#12 = CARTESIAN_POINT ( 'NONE',  ( 7.689299999999999358, 0.000000000000000000, 0.000000000000000000 ) ) ;
#13 = CIRCLE ( 'NONE', #1852, 2.458500000000000796 ) ;
#14 = ORIENTED_EDGE ( 'NONE', *, *, #656, .F. ) ;
#15 = CARTESIAN_POINT ( 'NONE',  ( 5.739900000000000446, 3.386789651557291319E-16, -2.531047243850726769 ) ) ;
#16 = CARTESIAN_POINT ( 'NONE',  ( 7.418549999999999756, 3.000000000000000000, 3.673940397442061347E-16 ) ) ;
#17 = ADVANCED_FACE ( 'NONE', ( #373 ), #683, .T. ) ;
#18 = VECTOR ( 'NONE', #44, 1000.000000000000000 ) ;
#19 = EDGE_LOOP ( 'NONE', ( #2294, #2745, #1508, #2025 ) ) ;
#20 = DIRECTION ( 'NONE',  ( 0.000000000000000000, 0.000000000000000000, 1.000000000000000000 ) ) ;
#21 = CIRCLE ( 'NONE', #309, 2.058578643762692728 ) ;
#22 = DIRECTION ( 'NONE',  ( -1.000000000000000000, -0.000000000000000000, -0.000000000000000000 ) ) ;
#23 = FACE_OUTER_BOUND ( 'NONE', #376, .T. ) ;
#24 = B_SPLINE_CURVE_WITH_KNOTS ( 'NONE', 3,
 ( #899, #2678, #2701, #2458 ),
 .UNSPECIFIED., .F., .F.,
 ( 4, 4 ),
 ( 0.0002445830953508215709, 0.0007724868892741459285 ),
 .UNSPECIFIED. ) ;
#25 = ORIENTED_EDGE ( 'NONE', *, *, #1718, .T. ) ;
#26 = CARTESIAN_POINT ( 'NONE',  ( 7.689299999999999358, 0.000000000000000000, 0.000000000000000000 ) ) ;
#27 = CARTESIAN_POINT ( 'NONE',  ( 5.360850000000000115, 0.000000000000000000, 0.000000000000000000 ) ) ;
#28 = DIRECTION ( 'NONE',  ( -1.000000000000000000, -2.522956547627780710E-19, -0.000000000000000000 ) ) ;
#29 = ORIENTED_EDGE ( 'NONE', *, *, #1117, .T. ) ;
#30 = ORIENTED_EDGE ( 'NONE', *, *, #750, .T. ) ;
#31 = CARTESIAN_POINT ( 'NONE',  ( 2.761649999999999938, 0.000000000000000000, 0.000000000000000000 ) ) ;
#32 = AXIS2_PLACEMENT_3D ( 'NONE', #2793, #2309, #1904 ) ;
#33 = DIRECTION ( 'NONE',  ( -1.000000000000000000, 0.000000000000000000, 0.000000000000000000 ) ) ;
#34 = VERTEX_POINT ( 'NONE', #853 ) ;
#35 = LINE ( 'NONE', #2346, #860 ) ;
#36 = DIRECTION ( 'NONE',  ( -1.000000000000000000, -2.522956547627780710E-19, -0.000000000000000000 ) ) ;
#37 = EDGE_LOOP ( 'NONE', ( #1733, #1994, #2855, #1645, #1953 ) ) ;
#38 = DIRECTION ( 'NONE',  ( -1.000000000000000000, -2.522956547627780710E-19, -0.000000000000000000 ) ) ;
#39 = ADVANCED_FACE ( 'NONE', ( #1495 ), #734, .T. ) ;
#40 = VERTEX_POINT ( 'NONE', #1268 ) ;
#41 = DIRECTION ( 'NONE',  ( 1.000000000000000000, 0.000000000000000000, 0.000000000000000000 ) ) ;
#42 = CARTESIAN_POINT ( 'NONE',  ( 1.462050000000000072, -3.000000000000000444, 0.000000000000000000 ) ) ;
#43 = CIRCLE ( 'NONE', #190, 2.531047243850726769 ) ;
#44 = DIRECTION ( 'NONE',  ( -0.5000000000000004441, 0.000000000000000000, 0.8660254037844383745 ) ) ;
#45 = AXIS2_PLACEMENT_3D ( 'NONE', #1642, #2270, #460 ) ;
#46 = ORIENTED_EDGE ( 'NONE', *, *, #2223, .F. ) ;
#47 = VERTEX_POINT ( 'NONE', #1946 ) ;
#48 = DIRECTION ( 'NONE',  ( -1.000000000000000000, -0.000000000000000000, -0.000000000000000000 ) ) ;
#49 = DIRECTION ( 'NONE',  ( -1.000000000000000000, -0.000000000000000000, -0.000000000000000000 ) ) ;
#50 = EDGE_CURVE ( 'NONE', #1969, #1022, #2704, .T. ) ;
#51 = ORIENTED_EDGE ( 'NONE', *, *, #2689, .T. ) ;
#52 = CARTESIAN_POINT ( 'NONE',  ( 2.761649999999999938, -3.000000000000000444, 0.000000000000000000 ) ) ;
#53 = ORIENTED_EDGE ( 'NONE', *, *, #1543, .F. ) ;
#54 = CARTESIAN_POINT ( 'NONE',  ( -8.570335710299064047, -7.347638122934263549E-16, 0.000000000000000000 ) ) ;
#55 = ADVANCED_FACE ( 'NONE', ( #634 ), #1542, .F. ) ;
#56 = ADVANCED_FACE ( 'NONE', ( #555 ), #1438, .T. ) ;
#57 = EDGE_CURVE ( 'NONE', #1989, #1236, #1858, .T. ) ;
#58 = VECTOR ( 'NONE', #1602, 1000.000000000000000 ) ;
#59 = CARTESIAN_POINT ( 'NONE',  ( 0.8122500000000001386, 0.5000000000000000000, -2.958039891549808953 ) ) ;
#60 = FACE_OUTER_BOUND ( 'NONE', #2219, .T. ) ;
#61 = APPROVAL_PERSON_ORGANIZATION ( #1098, #2069, #1741 ) ;
#62 = CARTESIAN_POINT ( 'NONE',  ( -8.570335710299064047, -0.5000000000000000000, -2.958039891549809841 ) ) ;
#63 = ORIENTED_EDGE ( 'NONE', *, *, #1191, .F. ) ;
#64 = VERTEX_POINT ( 'NONE', #2257 ) ;
#65 = CARTESIAN_POINT ( 'NONE',  ( 5.360850000000000115, 0.000000000000000000, 0.000000000000000000 ) ) ;
#66 = CARTESIAN_POINT ( 'NONE',  ( 2.761649999999999938, 0.000000000000000000, 0.000000000000000000 ) ) ;
#67 = AXIS2_PLACEMENT_3D ( 'NONE', #1705, #368, #630 ) ;
#68 = CIRCLE ( 'NONE', #2798, 3.000000000000000000 ) ;
#69 = CIRCLE ( 'NONE', #906, 3.000000000000000444 ) ;
#70 = ORIENTED_EDGE ( 'NONE', *, *, #1931, .F. ) ;
#71 = CARTESIAN_POINT ( 'NONE',  ( 3.411449999999999871, 3.000000000000000444, 3.673940397442061347E-16 ) ) ;
#72 = AXIS2_PLACEMENT_3D ( 'NONE', #1859, #987, #1385 ) ;
#73 = CC_DESIGN_PERSON_AND_ORGANIZATION_ASSIGNMENT ( #863, #2196, ( #1239 ) ) ;
#74 = VERTEX_POINT ( 'NONE', #2496 ) ;
#75 = CARTESIAN_POINT ( 'NONE',  ( 7.310249999999999915, 0.000000000000000000, 0.000000000000000000 ) ) ;
#76 = AXIS2_PLACEMENT_3D ( 'NONE', #1821, #2076, #1156 ) ;
#77 = DIRECTION ( 'NONE',  ( -1.000000000000000000, -2.522956547627780710E-19, -0.000000000000000000 ) ) ;
#78 = DIRECTION ( 'NONE',  ( 0.000000000000000000, -1.000000000000000000, 0.000000000000000000 ) ) ;
#79 = CIRCLE ( 'NONE', #122, 3.000000000000000444 ) ;
#80 = ADVANCED_FACE ( 'NONE', ( #1146 ), #635, .T. ) ;
#81 = VERTEX_POINT ( 'NONE', #2363 ) ;
#82 = ORIENTED_EDGE ( 'NONE', *, *, #1303, .T. ) ;
#83 = DIRECTION ( 'NONE',  ( -1.000000000000000000, -0.000000000000000000, -0.000000000000000000 ) ) ;
#84 = DIRECTION ( 'NONE',  ( 1.000000000000000000, 0.000000000000000000, 0.000000000000000000 ) ) ;
#85 = ORIENTED_EDGE ( 'NONE', *, *, #2016, .F. ) ;
#86 = CARTESIAN_POINT ( 'NONE',  ( 4.711050000000000182, -3.000000000000000444, 0.000000000000000000 ) ) ;
#87 = EDGE_LOOP ( 'NONE', ( #2505, #1653, #2768, #2176, #418 ) ) ;
#88 = CARTESIAN_POINT ( 'NONE',  ( 0.5415000000000003144, 0.5000000000000000000, -2.481169109634480563 ) ) ;
#89 = DIRECTION ( 'NONE',  ( -1.000000000000000000, -0.000000000000000000, -0.000000000000000000 ) ) ;
#90 = CARTESIAN_POINT ( 'NONE',  ( -8.570335710299064047, -7.347638122934263549E-16, 0.000000000000000000 ) ) ;
#91 = ORIENTED_EDGE ( 'NONE', *, *, #1013, .F. ) ;
#92 = VERTEX_POINT ( 'NONE', #783 ) ;
#93 = DIRECTION ( 'NONE',  ( 0.000000000000000000, -0.000000000000000000, -1.000000000000000000 ) ) ;
#94 = DIRECTION ( 'NONE',  ( -1.000000000000000000, -2.522956547627780710E-19, -0.000000000000000000 ) ) ;
#95 = ADVANCED_FACE ( 'AssemFace', ( #1130 ), #1400, .F. ) ;
#96 = EDGE_CURVE ( 'NONE', #1555, #1242, #540, .T. ) ;
#97 = EDGE_LOOP ( 'NONE', ( #1144, #1496, #1221, #2150, #2139 ) ) ;
#98 = AXIS2_PLACEMENT_3D ( 'NONE', #675, #765, #2797 ) ;
#99 = DIRECTION ( 'NONE',  ( 1.000000000000000000, 0.000000000000000000, 0.000000000000000000 ) ) ;
#100 = CARTESIAN_POINT ( 'NONE',  ( 1.462050000000000072, 0.5000000000000000000, 2.958039891549808953 ) ) ;
#101 = ORIENTED_EDGE ( 'NONE', *, *, #1282, .T. ) ;
#102 = CARTESIAN_POINT ( 'NONE',  ( 4.169550000000000090, 0.000000000000000000, 0.000000000000000000 ) ) ;
#103 = DIRECTION ( 'NONE',  ( 0.000000000000000000, 0.000000000000000000, -1.000000000000000000 ) ) ;
#104 = VERTEX_POINT ( 'NONE', #42 ) ;
#105 = VERTEX_POINT ( 'NONE', #1598 ) ;
#106 = VECTOR ( 'NONE', #1500, 1000.000000000000000 ) ;
#107 = CARTESIAN_POINT ( 'NONE',  ( 1.570350000000000135, -0.5000000000000000000, -2.958039891549808509 ) ) ;
#108 = ORIENTED_EDGE ( 'NONE', *, *, #2861, .T. ) ;
#109 = CARTESIAN_POINT ( 'NONE',  ( 3.411449999999999871, 0.000000000000000000, 0.000000000000000000 ) ) ;
#110 = CARTESIAN_POINT ( 'NONE',  ( -1.342065565966833835E-16, -0.5000000000000000000, -2.407119076821918391 ) ) ;
#111 = AXIS2_PLACEMENT_3D ( 'NONE', #2131, #2843, #1736 ) ;
#112 = VECTOR ( 'NONE', #1029, 1000.000000000000000 ) ;
#113 = DIRECTION ( 'NONE',  ( 0.000000000000000000, 0.000000000000000000, 1.000000000000000000 ) ) ;
#114 = VERTEX_POINT ( 'NONE', #713 ) ;
#115 = DIRECTION ( 'NONE',  ( -1.000000000000000000, -0.000000000000000000, -0.000000000000000000 ) ) ;
#116 = CONICAL_SURFACE ( 'NONE', #1580, 2.531047243850726769, 1.047197551196598297 ) ;
#117 = B_SPLINE_CURVE_WITH_KNOTS ( 'NONE', 3,
 ( #2907, #879, #1742, #410 ),
 .UNSPECIFIED., .F., .F.,
 ( 4, 4 ),
 ( 0.01018169967278266530, 0.01073247566019568111 ),
 .UNSPECIFIED. ) ;
#118 = EDGE_CURVE ( 'NONE', #2386, #4, #1539, .T. ) ;
#119 = CARTESIAN_POINT ( 'NONE',  ( 6.660449999999999982, 3.000000000000000444, 3.673940397442061347E-16 ) ) ;
#120 = EDGE_LOOP ( 'NONE', ( #1615, #2121, #2328, #1466, #151 ) ) ;
#121 = EDGE_LOOP ( 'NONE', ( #981, #2009, #383 ) ) ;
#122 = AXIS2_PLACEMENT_3D ( 'NONE', #542, #785, #753 ) ;
#123 = LINE ( 'NONE', #1918, #162 ) ;
#124 = VERTEX_POINT ( 'NONE', #2031 ) ;
#125 = EDGE_CURVE ( 'NONE', #1555, #621, #2724, .T. ) ;
#126 = DIRECTION ( 'NONE',  ( -1.000000000000000000, -0.000000000000000000, -0.000000000000000000 ) ) ;
#127 = CARTESIAN_POINT ( 'NONE',  ( 2.220150000000000290, 0.000000000000000000, 0.000000000000000000 ) ) ;
#128 = DIRECTION ( 'NONE',  ( -1.000000000000000000, -2.522956547627780710E-19, -0.000000000000000000 ) ) ;
#129 = ORIENTED_EDGE ( 'NONE', *, *, #2493, .F. ) ;
#130 = AXIS2_PLACEMENT_3D ( 'NONE', #2531, #792, #315 ) ;
#131 = EDGE_CURVE ( 'NONE', #743, #47, #209, .T. ) ;
#132 = DIRECTION ( 'NONE',  ( 0.000000000000000000, 0.000000000000000000, 1.000000000000000000 ) ) ;
#133 = EDGE_CURVE ( 'NONE', #666, #477, #2655, .T. ) ;
#134 = EDGE_CURVE ( 'NONE', #2347, #624, #2567, .T. ) ;
#135 = VERTEX_POINT ( 'NONE', #246 ) ;
#136 = ORIENTED_EDGE ( 'NONE', *, *, #1629, .F. ) ;
#137 = DIRECTION ( 'NONE',  ( -1.000000000000000000, -2.522956547627780710E-19, -0.000000000000000000 ) ) ;
#138 = VERTEX_POINT ( 'NONE', #2132 ) ;
#139 = DIRECTION ( 'NONE',  ( -1.000000000000000000, -0.000000000000000000, -0.000000000000000000 ) ) ;
#140 = CARTESIAN_POINT ( 'NONE',  ( 4.711050000000000182, 0.000000000000000000, 0.000000000000000000 ) ) ;
#141 = EDGE_CURVE ( 'NONE', #2808, #2577, #2049, .T. ) ;
#142 = ORIENTED_EDGE ( 'NONE', *, *, #2055, .F. ) ;
#143 = AXIS2_PLACEMENT_3D ( 'NONE', #1460, #1710, #2819 ) ;
#144 = DIRECTION ( 'NONE',  ( -1.000000000000000000, -2.522956547627780710E-19, -0.000000000000000000 ) ) ;
#145 = ORIENTED_EDGE ( 'NONE', *, *, #2893, .F. ) ;
#146 = COORDINATED_UNIVERSAL_TIME_OFFSET ( 8, 0, .AHEAD. ) ;
#147 = EDGE_CURVE ( 'NONE', #639, #2054, #2001, .T. ) ;
#148 = EDGE_CURVE ( 'NONE', #2355, #290, #581, .T. ) ;
#149 = FACE_OUTER_BOUND ( 'NONE', #1942, .T. ) ;
#150 = EDGE_CURVE ( 'NONE', #2848, #34, #487, .T. ) ;
#151 = ORIENTED_EDGE ( 'NONE', *, *, #2535, .F. ) ;
#152 = VERTEX_POINT ( 'NONE', #2290 ) ;
#153 = FACE_OUTER_BOUND ( 'NONE', #87, .T. ) ;
#154 = VERTEX_POINT ( 'NONE', #264 ) ;
#155 = CARTESIAN_POINT ( 'NONE',  ( 1.570350000000000135, 0.5000000000000000000, 2.958039891549808509 ) ) ;
#156 = CARTESIAN_POINT ( 'NONE',  ( 2.490900000000000336, 3.386789651557291319E-16, -2.531047243850726769 ) ) ;
#157 = VERTEX_POINT ( 'NONE', #2742 ) ;
#158 = CARTESIAN_POINT ( 'NONE',  ( 4.440300000000000580, 0.000000000000000000, 0.000000000000000000 ) ) ;
#159 = ORIENTED_EDGE ( 'NONE', *, *, #141, .T. ) ;
#160 = CALENDAR_DATE ( 2026, 10, 5 ) ;
#161 = AXIS2_PLACEMENT_3D ( 'NONE', #2042, #436, #217 ) ;
#162 = VECTOR ( 'NONE', #2872, 1000.000000000000000 ) ;
#163 = DIRECTION ( 'NONE',  ( -1.000000000000000000, -0.000000000000000000, -0.000000000000000000 ) ) ;
#164 = DESIGN_CONTEXT ( 'detailed design', #1264, 'design' ) ;
#165 = AXIS2_PLACEMENT_3D ( 'NONE', #1773, #1369, #2921 ) ;
#166 = EDGE_CURVE ( 'NONE', #2409, #124, #677, .T. ) ;
#167 = CARTESIAN_POINT ( 'NONE',  ( 5.360850000000000115, 3.000000000000000444, 3.673940397442061347E-16 ) ) ;
#168 = AXIS2_PLACEMENT_3D ( 'NONE', #1457, #1177, #697 ) ;
#169 = LINE ( 'NONE', #636, #2361 ) ;
#170 = CARTESIAN_POINT ( 'NONE',  ( -8.570335710299064047, -7.347638122934263549E-16, 0.000000000000000000 ) ) ;
#171 = ADVANCED_FACE ( 'NONE', ( #60 ), #1336, .T. ) ;
#172 = B_SPLINE_CURVE_WITH_KNOTS ( 'NONE', 3,
 ( #2897, #2645, #867, #1772 ),
 .UNSPECIFIED., .F., .F.,
 ( 4, 4 ),
 ( 0.004297185611151227956, 0.004645112974112289815 ),
 .UNSPECIFIED. ) ;
#173 = EDGE_LOOP ( 'NONE', ( #1407, #1207, #1324, #1043, #381 ) ) ;
#174 = CONICAL_SURFACE ( 'NONE', #2243, 3.000000000000000000, 1.047197551196597187 ) ;
#175 = DIRECTION ( 'NONE',  ( -1.000000000000000000, -0.000000000000000000, -0.000000000000000000 ) ) ;
#176 = DIRECTION ( 'NONE',  ( -1.000000000000000000, -0.000000000000000000, -0.000000000000000000 ) ) ;
#177 = ORIENTED_EDGE ( 'NONE', *, *, #1280, .T. ) ;
#178 = CARTESIAN_POINT ( 'NONE',  ( 3.790500000000000203, 3.386789651557291319E-16, -2.531047243850726769 ) ) ;
#179 = CIRCLE ( 'NONE', #270, 2.806270117173421674 ) ;
#180 = CARTESIAN_POINT ( 'NONE',  ( 1.751065042615834066, -0.5000000000000000000, 2.640249144232719392 ) ) ;
#181 = ORIENTED_EDGE ( 'NONE', *, *, #916, .T. ) ;
#182 = DIRECTION ( 'NONE',  ( 0.000000000000000000, 0.000000000000000000, 1.000000000000000000 ) ) ;
#183 = CARTESIAN_POINT ( 'NONE',  ( 2.220150000000000290, 0.000000000000000000, 0.000000000000000000 ) ) ;
#184 = ORIENTED_EDGE ( 'NONE', *, *, #1796, .T. ) ;
#185 = DIRECTION ( 'NONE',  ( -0.5000000000000004441, 0.000000000000000000, 0.8660254037844383745 ) ) ;
#186 = EDGE_CURVE ( 'NONE', #2644, #154, #2281, .T. ) ;
#187 = DIRECTION ( 'NONE',  ( 0.000000000000000000, 0.000000000000000000, -1.000000000000000000 ) ) ;
#188 = ADVANCED_FACE ( 'NONE', ( #2867 ), #2847, .T. ) ;
#189 = VERTEX_POINT ( 'NONE', #2611 ) ;
#190 = AXIS2_PLACEMENT_3D ( 'NONE', #426, #1329, #1513 ) ;
#191 = CARTESIAN_POINT ( 'NONE',  ( -8.570335710299064047, -3.000000000000002220, 0.000000000000000000 ) ) ;
#192 = VECTOR ( 'NONE', #712, 1000.000000000000000 ) ;
#193 = CARTESIAN_POINT ( 'NONE',  ( 2.869950000000000223, 3.000000000000000000, 3.673940397442061347E-16 ) ) ;
#194 = CYLINDRICAL_SURFACE ( 'NONE', #560, 3.000000000000001332 ) ;
#195 = LINE ( 'NONE', #895, #1435 ) ;
#196 = MANIFOLD_SOLID_BREP ( 'LPattern10', #1202 ) ;
#197 = ORIENTED_EDGE ( 'NONE', *, *, #2148, .T. ) ;
#198 = LINE ( 'NONE', #2191, #1732 ) ;
#199 = DIRECTION ( 'NONE',  ( 0.000000000000000000, -1.000000000000000000, 0.000000000000000000 ) ) ;
#200 = VERTEX_POINT ( 'NONE', #1538 ) ;
#201 = CARTESIAN_POINT ( 'NONE',  ( -8.570335710299064047, -7.347638122934263549E-16, 0.000000000000000000 ) ) ;
#202 = APPROVAL_ROLE ( '' ) ;
#203 = CARTESIAN_POINT ( 'NONE',  ( 4.819350000000000023, 0.000000000000000000, 0.000000000000000000 ) ) ;
#204 = CONICAL_SURFACE ( 'NONE', #1898, 2.531047243850726769, 1.047197551196598297 ) ;
#205 = AXIS2_PLACEMENT_3D ( 'NONE', #2501, #2749, #1150 ) ;
#206 = AXIS2_PLACEMENT_3D ( 'NONE', #562, #288, #1465 ) ;
#207 = DIRECTION ( 'NONE',  ( -1.000000000000000000, -0.000000000000000000, -0.000000000000000000 ) ) ;
#208 = CARTESIAN_POINT ( 'NONE',  ( 1.841100000000000181, 0.000000000000000000, 0.000000000000000000 ) ) ;
#209 = CIRCLE ( 'NONE', #1860, 2.866833636064924917 ) ;
#210 = ORIENTED_EDGE ( 'NONE', *, *, #1543, .T. ) ;
#211 = CARTESIAN_POINT ( 'NONE',  ( 6.118949999999999889, 0.000000000000000000, 0.000000000000000000 ) ) ;
#212 = DIRECTION ( 'NONE',  ( 0.000000000000000000, 0.000000000000000000, 1.000000000000000000 ) ) ;
#213 = VECTOR ( 'NONE', #2574, 1000.000000000000000 ) ;
#214 = ADVANCED_FACE ( 'NONE', ( #1982 ), #204, .T. ) ;
#215 = ORIENTED_EDGE ( 'NONE', *, *, #1789, .T. ) ;
#216 = AXIS2_PLACEMENT_3D ( 'NONE', #999, #2572, #1925 ) ;
#217 = DIRECTION ( 'NONE',  ( 2.522956547627780710E-19, -1.000000000000000000, 0.000000000000000000 ) ) ;
#218 = DIRECTION ( 'NONE',  ( 0.000000000000000000, 0.000000000000000000, 1.000000000000000000 ) ) ;
#219 = EDGE_CURVE ( 'NONE', #2231, #2848, #2183, .T. ) ;
#220 = CARTESIAN_POINT ( 'NONE',  ( 0.2707500000000001572, 0.000000000000000000, 0.000000000000000000 ) ) ;
#221 = DIRECTION ( 'NONE',  ( 0.4999999999999995004, 0.000000000000000000, -0.8660254037844389297 ) ) ;
#222 = VERTEX_POINT ( 'NONE', #569 ) ;
#223 = CARTESIAN_POINT ( 'NONE',  ( 6.768749999999999822, 3.673940397442059868E-16, -3.000000000000000000 ) ) ;
#224 = LINE ( 'NONE', #1306, #584 ) ;
#225 = ORIENTED_EDGE ( 'NONE', *, *, #2223, .T. ) ;
#226 = FACE_OUTER_BOUND ( 'NONE', #37, .T. ) ;
#227 = DIRECTION ( 'NONE',  ( 0.000000000000000000, 0.000000000000000000, -1.000000000000000000 ) ) ;
#228 = EDGE_CURVE ( 'AssemCir', #2632, #157, #13, .T. ) ;
#229 = CIRCLE ( 'NONE', #2448, 2.531047243850726769 ) ;
#230 = AXIS2_PLACEMENT_3D ( 'NONE', #1338, #2489, #644 ) ;
#231 = EDGE_CURVE ( 'NONE', #1479, #81, #2468, .T. ) ;
#232 = CARTESIAN_POINT ( 'NONE',  ( 8.832842712474617386, -7.303730659982992492E-16, 0.000000000000000000 ) ) ;
#233 = DIRECTION ( 'NONE',  ( 1.000000000000000000, 0.000000000000000000, 0.000000000000000000 ) ) ;
#234 = CARTESIAN_POINT ( 'NONE',  ( 7.310249999999999915, 3.673940397442061347E-16, 3.000000000000000888 ) ) ;
#235 = ORIENTED_EDGE ( 'NONE', *, *, #757, .T. ) ;
#236 = CARTESIAN_POINT ( 'NONE',  ( 3.140700000000000269, 0.000000000000000000, 0.000000000000000000 ) ) ;
#237 = CARTESIAN_POINT ( 'NONE',  ( -1.344588522514461539E-16, 0.5000000000000000000, 2.407119076821917947 ) ) ;
#238 = VERTEX_POINT ( 'NONE', #587 ) ;
#239 = LINE ( 'NONE', #2239, #287 ) ;
#240 = PRODUCT_DEFINITION_FORMATION_WITH_SPECIFIED_SOURCE ( '任何', '', #2265, .NOT_KNOWN. ) ;
#241 = CONICAL_SURFACE ( 'NONE', #2033, 3.000000000000000000, 1.047197551196597187 ) ;
#242 = CARTESIAN_POINT ( 'NONE',  ( 6.768749999999999822, 0.000000000000000000, 0.000000000000000000 ) ) ;
#243 = DIRECTION ( 'NONE',  ( 0.000000000000000000, 0.000000000000000000, 1.000000000000000000 ) ) ;
#244 = ORIENTED_EDGE ( 'NONE', *, *, #2838, .F. ) ;
#245 = DIRECTION ( 'NONE',  ( -1.000000000000000000, -2.522956547627780710E-19, -0.000000000000000000 ) ) ;
#246 = CARTESIAN_POINT ( 'NONE',  ( 1.570350000000000135, 0.5000000000000000000, -2.958039891549808509 ) ) ;
#247 = VECTOR ( 'NONE', #1588, 1000.000000000000000 ) ;
#248 = CARTESIAN_POINT ( 'NONE',  ( 2.227411538801037583E-16, 0.5000000000000000000, -3.000000000000001332 ) ) ;
#249 = ORIENTED_EDGE ( 'NONE', *, *, #2861, .F. ) ;
#250 = VECTOR ( 'NONE', #519, 1000.000000000000000 ) ;
#251 = EDGE_CURVE ( 'NONE', #1360, #2787, #1726, .T. ) ;
#252 = DIRECTION ( 'NONE',  ( -1.000000000000000000, -0.000000000000000000, -0.000000000000000000 ) ) ;
#253 = DIRECTION ( 'NONE',  ( -1.000000000000000000, -0.000000000000000000, -0.000000000000000000 ) ) ;
#254 = VERTEX_POINT ( 'NONE', #1751 ) ;
#255 = AXIS2_PLACEMENT_3D ( 'NONE', #27, #2815, #281 ) ;
#256 = DIRECTION ( 'NONE',  ( 0.000000000000000000, 0.000000000000000000, 1.000000000000000000 ) ) ;
#257 = AXIS2_PLACEMENT_3D ( 'NONE', #2253, #1379, #1142 ) ;
#258 = AXIS2_PLACEMENT_3D ( 'NONE', #1090, #38, #2479 ) ;
#259 = CARTESIAN_POINT ( 'NONE',  ( 7.039499999999999424, 0.000000000000000000, 0.000000000000000000 ) ) ;
#260 = ORIENTED_EDGE ( 'NONE', *, *, #668, .F. ) ;
#261 = CARTESIAN_POINT ( 'NONE',  ( 6.389699999999999491, 0.000000000000000000, 0.000000000000000000 ) ) ;
#262 = VERTEX_POINT ( 'NONE', #2417 ) ;
#263 = FACE_OUTER_BOUND ( 'NONE', #304, .T. ) ;
#264 = CARTESIAN_POINT ( 'NONE',  ( 2.220150000000000290, 3.000000000000000000, 3.673940397442061347E-16 ) ) ;
#265 = CARTESIAN_POINT ( 'NONE',  ( 6.010650000000000048, 0.000000000000000000, 0.000000000000000000 ) ) ;
#266 = B_SPLINE_CURVE_WITH_KNOTS ( 'NONE', 3,
 ( #836, #1257, #1055, #1071 ),
 .UNSPECIFIED., .F., .F.,
 ( 4, 4 ),
 ( 0.004096738618064827558, 0.004645112974112286346 ),
 .UNSPECIFIED. ) ;
#267 = ORIENTED_EDGE ( 'NONE', *, *, #2535, .T. ) ;
#268 = ORIENTED_EDGE ( 'NONE', *, *, #579, .T. ) ;
#269 = CARTESIAN_POINT ( 'NONE',  ( -8.570335710299064047, -7.347638122934263549E-16, 0.000000000000000000 ) ) ;
#270 = AXIS2_PLACEMENT_3D ( 'NONE', #449, #1094, #2234 ) ;
#271 = CARTESIAN_POINT ( 'NONE',  ( 3.519749999999999712, 0.000000000000000000, 0.000000000000000000 ) ) ;
#272 = ORIENTED_EDGE ( 'NONE', *, *, #1255, .F. ) ;
#273 = EDGE_CURVE ( 'NONE', #81, #104, #349, .T. ) ;
#274 = EDGE_CURVE ( 'NONE', #1611, #222, #1248, .T. ) ;
#275 = CARTESIAN_POINT ( 'NONE',  ( 1.371618831013441397, 0.5000000000000000000, 2.799186679610361939 ) ) ;
#276 = EDGE_CURVE ( 'NONE', #1244, #477, #1690, .T. ) ;
#277 = ORIENTED_EDGE ( 'NONE', *, *, #670, .T. ) ;
#278 = CYLINDRICAL_SURFACE ( 'NONE', #1019, 3.000000000000001332 ) ;
#279 = ORIENTED_EDGE ( 'NONE', *, *, #866, .F. ) ;
#280 = CARTESIAN_POINT ( 'NONE',  ( 0.3698513780746371937, -7.325082419382633569E-16, 0.000000000000000000 ) ) ;
#281 = DIRECTION ( 'NONE',  ( 0.000000000000000000, 0.000000000000000000, 1.000000000000000000 ) ) ;
#282 = AXIS2_PLACEMENT_3D ( 'NONE', #1900, #283, #507 ) ;
#283 = DIRECTION ( 'NONE',  ( 1.000000000000000000, 0.000000000000000000, 0.000000000000000000 ) ) ;
#284 = CIRCLE ( 'NONE', #1173, 3.000000000000000000 ) ;
#285 = VERTEX_POINT ( 'NONE', #178 ) ;
#286 = ORIENTED_EDGE ( 'NONE', *, *, #1487, .T. ) ;
#287 = VECTOR ( 'NONE', #917, 1000.000000000000000 ) ;
#288 = DIRECTION ( 'NONE',  ( -1.000000000000000000, -0.000000000000000000, -0.000000000000000000 ) ) ;
#289 = CARTESIAN_POINT ( 'NONE',  ( 2.869950000000000223, 0.000000000000000000, 0.000000000000000000 ) ) ;
#290 = VERTEX_POINT ( 'NONE', #1490 ) ;
#291 = DIRECTION ( 'NONE',  ( -1.000000000000000000, -2.522956547627780710E-19, -0.000000000000000000 ) ) ;
#292 = ORIENTED_EDGE ( 'NONE', *, *, #2370, .F. ) ;
#293 = EDGE_CURVE ( 'NONE', #1360, #1041, #1470, .T. ) ;
#294 = CONICAL_SURFACE ( 'NONE', #2694, 3.000000000000000000, 1.047197551196597187 ) ;
#295 = FACE_OUTER_BOUND ( 'NONE', #1981, .T. ) ;
#296 = FACE_OUTER_BOUND ( 'NONE', #1218, .T. ) ;
#297 = EDGE_LOOP ( 'NONE', ( #1957, #82, #738, #2703 ) ) ;
#298 = ORIENTED_EDGE ( 'NONE', *, *, #2533, .T. ) ;
#299 = DIRECTION ( 'NONE',  ( -1.000000000000000000, -2.522956547627780710E-19, -0.000000000000000000 ) ) ;
#300 = DIRECTION ( 'NONE',  ( -1.000000000000000000, -0.000000000000000000, -0.000000000000000000 ) ) ;
#301 = AXIS2_PLACEMENT_3D ( 'NONE', #382, #2149, #1507 ) ;
#302 = AXIS2_PLACEMENT_3D ( 'NONE', #2402, #176, #2192 ) ;
#303 = CIRCLE ( 'NONE', #2802, 2.531047243850726769 ) ;
#304 = EDGE_LOOP ( 'NONE', ( #244, #279, #1403, #1685, #2021 ) ) ;
#305 = CYLINDRICAL_SURFACE ( 'NONE', #2845, 3.000000000000001332 ) ;
#306 = CONICAL_SURFACE ( 'NONE', #495, 2.531047243850726769, 1.047197551196598297 ) ;
#307 = EDGE_LOOP ( 'NONE', ( #331, #129, #2435, #2584, #1697 ) ) ;
#308 = DIRECTION ( 'NONE',  ( 0.000000000000000000, 0.000000000000000000, 1.000000000000000000 ) ) ;
#309 = AXIS2_PLACEMENT_3D ( 'NONE', #424, #1960, #865 ) ;
#310 = DIRECTION ( 'NONE',  ( 0.4999999999999995004, 1.060575238724907285E-16, 0.8660254037844389297 ) ) ;
#311 = DIRECTION ( 'NONE',  ( 0.000000000000000000, 0.000000000000000000, 1.000000000000000000 ) ) ;
#312 = ADVANCED_FACE ( 'NONE', ( #2376 ), #2849, .T. ) ;
#313 = ORIENTED_EDGE ( 'NONE', *, *, #2055, .T. ) ;
#314 = ORIENTED_EDGE ( 'NONE', *, *, #1190, .F. ) ;
#315 = DIRECTION ( 'NONE',  ( 0.000000000000000000, 0.000000000000000000, 1.000000000000000000 ) ) ;
#316 = CARTESIAN_POINT ( 'NONE',  ( 1.101265872510960975, 0.5000000000000000000, 2.640247677916198299 ) ) ;
#317 = ORIENTED_EDGE ( 'NONE', *, *, #748, .T. ) ;
#318 = AXIS2_PLACEMENT_3D ( 'NONE', #2413, #392, #2217 ) ;
#319 = LINE ( 'NONE', #1377, #1412 ) ;
#320 = CARTESIAN_POINT ( 'NONE',  ( 1.841100000000000181, 0.5000000000000000000, 2.481169109634480563 ) ) ;
#321 = ORIENTED_EDGE ( 'NONE', *, *, #2457, .T. ) ;
#322 = CARTESIAN_POINT ( 'NONE',  ( 0.7218181287551229675, 0.5000000000000000000, -2.799185446009262002 ) ) ;
#323 = CARTESIAN_POINT ( 'NONE',  ( 7.310249999999999915, 3.000000000000000444, 3.673940397442061347E-16 ) ) ;
#324 = FACE_OUTER_BOUND ( 'NONE', #1418, .T. ) ;
#325 = EDGE_CURVE ( 'NONE', #1880, #950, #1970, .T. ) ;
#326 = ORIENTED_EDGE ( 'NONE', *, *, #274, .T. ) ;
#327 = CIRCLE ( 'NONE', #755, 2.531047243850726769 ) ;
#328 = ORIENTED_EDGE ( 'NONE', *, *, #2420, .F. ) ;
#329 = DIRECTION ( 'NONE',  ( 0.000000000000000000, -1.000000000000000000, 0.000000000000000000 ) ) ;
#330 = DIRECTION ( 'NONE',  ( -1.000000000000000000, -0.000000000000000000, -0.000000000000000000 ) ) ;
#331 = ORIENTED_EDGE ( 'NONE', *, *, #428, .F. ) ;
#332 = CARTESIAN_POINT ( 'NONE',  ( 7.310249999999999915, 0.000000000000000000, 0.000000000000000000 ) ) ;
#333 = CARTESIAN_POINT ( 'NONE',  ( 4.819350000000000023, 0.000000000000000000, 3.000000000000000000 ) ) ;
#334 = CARTESIAN_POINT ( 'NONE',  ( 1.191300000000000248, 0.000000000000000000, 0.000000000000000000 ) ) ;
#335 = ORIENTED_EDGE ( 'NONE', *, *, #2276, .F. ) ;
#336 = APPROVAL_STATUS ( 'not_yet_approved' ) ;
#337 = CYLINDRICAL_SURFACE ( 'NONE', #1015, 3.000000000000001332 ) ;
#338 = EDGE_CURVE ( 'NONE', #40, #749, #490, .T. ) ;
#339 = ORIENTED_EDGE ( 'NONE', *, *, #134, .T. ) ;
#340 = ORIENTED_EDGE ( 'NONE', *, *, #2874, .T. ) ;
#341 = FACE_OUTER_BOUND ( 'NONE', #2086, .T. ) ;
#342 = ORIENTED_EDGE ( 'NONE', *, *, #1341, .T. ) ;
#343 = CARTESIAN_POINT ( 'NONE',  ( 6.389699999999999491, 0.000000000000000000, 0.000000000000000000 ) ) ;
#344 = CARTESIAN_POINT ( 'NONE',  ( 5.739900000000000446, 0.000000000000000000, 2.531047243850726769 ) ) ;
#345 = AXIS2_PLACEMENT_3D ( 'NONE', #669, #2263, #2716 ) ;
#346 = ADVANCED_FACE ( 'NONE', ( #2178 ), #1429, .T. ) ;
#347 = ADVANCED_FACE ( 'NONE', ( #1740 ), #2698, .T. ) ;
#348 = B_SPLINE_CURVE_WITH_KNOTS ( 'NONE', 3,
 ( #1620, #947, #275, #100 ),
 .UNSPECIFIED., .F., .F.,
 ( 4, 4 ),
 ( 0.01018169967278266010, 0.01073247566019567591 ),
 .UNSPECIFIED. ) ;
#349 = LINE ( 'NONE', #191, #1380 ) ;
#350 = ORIENTED_EDGE ( 'NONE', *, *, #453, .F. ) ;
#351 = DIRECTION ( 'NONE',  ( -1.000000000000000000, -0.000000000000000000, -0.000000000000000000 ) ) ;
#352 = CIRCLE ( 'NONE', #1721, 3.000000000000000000 ) ;
#353 = LINE ( 'NONE', #1928, #544 ) ;
#354 = AXIS2_PLACEMENT_3D ( 'NONE', #2615, #89, #800 ) ;
#355 = ORIENTED_EDGE ( 'NONE', *, *, #2627, .T. ) ;
#356 = ORIENTED_EDGE ( 'NONE', *, *, #2254, .T. ) ;
#357 =( GEOMETRIC_REPRESENTATION_CONTEXT ( 3 ) GLOBAL_UNCERTAINTY_ASSIGNED_CONTEXT ( ( #1527 ) ) GLOBAL_UNIT_ASSIGNED_CONTEXT ( ( #2830, #1473, #2151 ) ) REPRESENTATION_CONTEXT ( 'NONE', 'WORKASPACE' ) );
#358 = DIRECTION ( 'NONE',  ( 0.000000000000000000, 0.000000000000000000, 1.000000000000000000 ) ) ;
#359 = ADVANCED_FACE ( 'NONE', ( #617 ), #1667, .T. ) ;
#360 = ORIENTED_EDGE ( 'NONE', *, *, #690, .T. ) ;
#361 = CARTESIAN_POINT ( 'NONE',  ( 5.090100000000000513, 3.099638905672523263E-16, 2.531047243850726769 ) ) ;
#362 = ADVANCED_FACE ( 'NONE', ( #1325 ), #2799, .T. ) ;
#363 = DIRECTION ( 'NONE',  ( -1.000000000000000000, -0.000000000000000000, -0.000000000000000000 ) ) ;
#364 = ORIENTED_EDGE ( 'NONE', *, *, #2640, .T. ) ;
#365 = ADVANCED_FACE ( 'NONE', ( #226 ), #2454, .T. ) ;
#366 = EDGE_CURVE ( 'NONE', #1387, #2773, #1882, .T. ) ;
#367 = ADVANCED_FACE ( 'NONE', ( #1126 ), #2642, .T. ) ;
#368 = DIRECTION ( 'NONE',  ( 1.000000000000000000, 0.000000000000000000, 0.000000000000000000 ) ) ;
#369 = EDGE_LOOP ( 'NONE', ( #399, #2280, #826, #1344, #771 ) ) ;
#370 = DATE_AND_TIME ( #1262, #674 ) ;
#371 = CONICAL_SURFACE ( 'NONE', #2868, 2.531047243850726769, 1.047197551196598297 ) ;
#372 = DIRECTION ( 'NONE',  ( -1.000000000000000000, -0.000000000000000000, -0.000000000000000000 ) ) ;
#373 = FACE_OUTER_BOUND ( 'NONE', #657, .T. ) ;
#374 = EDGE_LOOP ( 'NONE', ( #1061, #601, #2550, #995, #2424, #2198, #803, #1714, #1808, #314, #2400, #480, #2629, #1328, #1919, #1426, #870, #541, #142, #1870 ) ) ;
#375 = FACE_OUTER_BOUND ( 'NONE', #472, .T. ) ;
#376 = EDGE_LOOP ( 'NONE', ( #1822, #1038, #509, #466, #2717, #2900 ) ) ;
#377 = DIRECTION ( 'NONE',  ( 0.000000000000000000, 0.000000000000000000, 1.000000000000000000 ) ) ;
#378 = CARTESIAN_POINT ( 'NONE',  ( 5.090100000000000513, 0.000000000000000000, 0.000000000000000000 ) ) ;
#379 = CIRCLE ( 'NONE', #2020, 3.000000000000000000 ) ;
#380 = CIRCLE ( 'NONE', #1932, 3.000000000000000000 ) ;
#381 = ORIENTED_EDGE ( 'NONE', *, *, #1263, .F. ) ;
#382 = CARTESIAN_POINT ( 'NONE',  ( 2.869950000000000223, 0.000000000000000000, 0.000000000000000000 ) ) ;
#383 = ORIENTED_EDGE ( 'NONE', *, *, #2017, .T. ) ;
#384 = ADVANCED_FACE ( 'NONE', ( #455 ), #2882, .T. ) ;
#385 = CARTESIAN_POINT ( 'NONE',  ( 6.660449999999999982, 0.000000000000000000, 0.000000000000000000 ) ) ;
#386 = EDGE_CURVE ( 'NONE', #2792, #2155, #239, .T. ) ;
#387 = ORIENTED_EDGE ( 'NONE', *, *, #1498, .T. ) ;
#388 = DIRECTION ( 'NONE',  ( 0.000000000000000000, -1.000000000000000000, 0.000000000000000000 ) ) ;
#389 = CARTESIAN_POINT ( 'NONE',  ( 0.9205500000000000904, 0.000000000000000000, 0.000000000000000000 ) ) ;
#390 = ORIENTED_EDGE ( 'NONE', *, *, #2088, .T. ) ;
#391 = AXIS2_PLACEMENT_3D ( 'NONE', #289, #330, #1453 ) ;
#392 = DIRECTION ( 'NONE',  ( -1.000000000000000000, -0.000000000000000000, -0.000000000000000000 ) ) ;
#393 = CARTESIAN_POINT ( 'NONE',  ( 5.360850000000000115, 0.000000000000000000, -3.000000000000000888 ) ) ;
#394 = ORIENTED_EDGE ( 'NONE', *, *, #918, .T. ) ;
#395 = AXIS2_PLACEMENT_3D ( 'NONE', #1518, #363, #1909 ) ;
#396 = DIRECTION ( 'NONE',  ( 1.000000000000000000, 0.000000000000000000, 0.000000000000000000 ) ) ;
#397 = CONICAL_SURFACE ( 'NONE', #1949, 2.531047243850726769, 1.047197551196598297 ) ;
#398 = DIRECTION ( 'NONE',  ( 0.000000000000000000, 0.000000000000000000, 1.000000000000000000 ) ) ;
#399 = ORIENTED_EDGE ( 'NONE', *, *, #2146, .T. ) ;
#400 = EDGE_CURVE ( 'NONE', #114, #1244, #380, .T. ) ;
#401 = EDGE_CURVE ( 'NONE', #828, #2619, #566, .T. ) ;
#402 = DIRECTION ( 'NONE',  ( -1.000000000000000000, -0.000000000000000000, -0.000000000000000000 ) ) ;
#403 = DIRECTION ( 'NONE',  ( 0.000000000000000000, 0.000000000000000000, 1.000000000000000000 ) ) ;
#404 = ORIENTED_EDGE ( 'NONE', *, *, #2450, .F. ) ;
#405 = CARTESIAN_POINT ( 'NONE',  ( 1.570350000000000135, 0.000000000000000000, 0.000000000000000000 ) ) ;
#406 = CARTESIAN_POINT ( 'NONE',  ( 6.660449999999999982, 0.000000000000000000, -3.000000000000000888 ) ) ;
#407 = ORIENTED_EDGE ( 'NONE', *, *, #2241, .T. ) ;
#408 = DIRECTION ( 'NONE',  ( -1.000000000000000000, -0.000000000000000000, -0.000000000000000000 ) ) ;
#409 = AXIS2_PLACEMENT_3D ( 'NONE', #1646, #1686, #93 ) ;
#410 = CARTESIAN_POINT ( 'NONE',  ( 1.570350000000000135, 0.5000000000000000000, -2.958039891549808509 ) ) ;
#411 = ORIENTED_EDGE ( 'NONE', *, *, #655, .T. ) ;
#412 = DIRECTION ( 'NONE',  ( -1.000000000000000000, -2.522956547627780710E-19, 0.000000000000000000 ) ) ;
#413 = CARTESIAN_POINT ( 'NONE',  ( 1.660781871244877417, -0.5000000000000000000, -2.799185446009261558 ) ) ;
#414 = CYLINDRICAL_SURFACE ( 'NONE', #1103, 2.000000000000000888 ) ;
#415 = ORIENTED_EDGE ( 'NONE', *, *, #2233, .F. ) ;
#416 = FACE_OUTER_BOUND ( 'NONE', #369, .T. ) ;
#417 = LINE ( 'NONE', #2024, #2224 ) ;
#418 = ORIENTED_EDGE ( 'NONE', *, *, #491, .F. ) ;
#419 = AXIS2_PLACEMENT_3D ( 'NONE', #1568, #1986, #2466 ) ;
#420 = FACE_OUTER_BOUND ( 'NONE', #2367, .T. ) ;
#421 = PERSON_AND_ORGANIZATION_ROLE ( 'creator' ) ;
#422 = CONICAL_SURFACE ( 'NONE', #660, 2.531047243850726769, 1.047197551196598297 ) ;
#423 = CIRCLE ( 'NONE', #2613, 3.000000000000000444 ) ;
#424 = CARTESIAN_POINT ( 'NONE',  ( 8.691421356237309936, -7.304087459919686261E-16, 0.000000000000000000 ) ) ;
#425 = EDGE_LOOP ( 'NONE', ( #943, #2180, #63, #1817, #2415 ) ) ;
#426 = CARTESIAN_POINT ( 'NONE',  ( 1.191300000000000248, 0.000000000000000000, 0.000000000000000000 ) ) ;
#427 = DIRECTION ( 'NONE',  ( 0.4999999999999995004, 1.060575238724907285E-16, 0.8660254037844389297 ) ) ;
#428 = EDGE_CURVE ( 'NONE', #2494, #1707, #2891, .T. ) ;
#429 = EDGE_LOOP ( 'NONE', ( #1680, #1939, #2440, #608, #1519, #2488, #2398, #1450, #2193 ) ) ;
#430 = B_SPLINE_CURVE_WITH_KNOTS ( 'NONE', 3,
 ( #2430, #2144, #1468, #1292 ),
 .UNSPECIFIED., .F., .F.,
 ( 4, 4 ),
 ( 0.004096738618064827558, 0.004645112974112286346 ),
 .UNSPECIFIED. ) ;
#431 = CARTESIAN_POINT ( 'NONE',  ( 2.111850000000000005, 0.000000000000000000, -3.000000000000000888 ) ) ;
#432 = DIRECTION ( 'NONE',  ( -1.000000000000000000, -0.000000000000000000, -0.000000000000000000 ) ) ;
#433 = CIRCLE ( 'NONE', #1706, 0.2000000000000005107 ) ;
#434 = ORIENTED_EDGE ( 'NONE', *, *, #1579, .T. ) ;
#435 = ADVANCED_FACE ( 'NONE', ( #2476 ), #1551, .T. ) ;
#436 = DIRECTION ( 'NONE',  ( -1.000000000000000000, -2.522956547627780710E-19, -0.000000000000000000 ) ) ;
#437 = ADVANCED_FACE ( 'NONE', ( #659 ), #2123, .T. ) ;
#438 = ADVANCED_FACE ( 'NONE', ( #2667 ), #1097, .T. ) ;
#439 = DIRECTION ( 'NONE',  ( 0.4999999999999995004, 0.000000000000000000, -0.8660254037844389297 ) ) ;
#440 = VECTOR ( 'NONE', #1016, 1000.000000000000000 ) ;
#441 = AXIS2_PLACEMENT_3D ( 'NONE', #760, #1658, #1731 ) ;
#442 = B_SPLINE_CURVE_WITH_KNOTS ( 'NONE', 3,
 ( #1694, #2152, #768, #2775 ),
 .UNSPECIFIED., .F., .F.,
 ( 4, 4 ),
 ( 0.01018169967278266010, 0.01073247566019567591 ),
 .UNSPECIFIED. ) ;
#443 = DIRECTION ( 'NONE',  ( -1.000000000000000000, -0.000000000000000000, -0.000000000000000000 ) ) ;
#444 = DIRECTION ( 'NONE',  ( 0.000000000000000000, -1.000000000000000000, 0.000000000000000000 ) ) ;
#445 = CIRCLE ( 'NONE', #165, 3.000000000000000444 ) ;
#446 = AXIS2_PLACEMENT_3D ( 'NONE', #2631, #2884, #1933 ) ;
#447 = ORIENTED_EDGE ( 'NONE', *, *, #2002, .F. ) ;
#448 = ADVANCED_FACE ( 'NONE', ( #420 ), #2282, .T. ) ;
#449 = CARTESIAN_POINT ( 'NONE',  ( 2.000000000000000444, 0.000000000000000000, 0.000000000000000000 ) ) ;
#450 = CARTESIAN_POINT ( 'NONE',  ( -8.570335710299064047, -7.347638122934263549E-16, 0.000000000000000000 ) ) ;
#451 = CONICAL_SURFACE ( 'NONE', #830, 2.458500000000000796, 0.7853981633974471688 ) ;
#452 = ORIENTED_EDGE ( 'NONE', *, *, #134, .F. ) ;
#453 = EDGE_CURVE ( 'NONE', #1137, #34, #2730, .T. ) ;
#454 = AXIS2_PLACEMENT_3D ( 'NONE', #2521, #1364, #905 ) ;
#455 = FACE_OUTER_BOUND ( 'NONE', #1547, .T. ) ;
#456 = EDGE_CURVE ( 'NONE', #1244, #1316, #1696, .T. ) ;
#457 = ADVANCED_FACE ( 'NONE', ( #2692 ), #711, .T. ) ;
#458 = LINE ( 'NONE', #2721, #1864 ) ;
#459 = AXIS2_PLACEMENT_3D ( 'NONE', #1991, #2023, #2513 ) ;
#460 = DIRECTION ( 'NONE',  ( 0.000000000000000000, 0.000000000000000000, 1.000000000000000000 ) ) ;
#461 = CARTESIAN_POINT ( 'NONE',  ( 1.010981871244877706, -0.5000000000000000000, -2.799185446009261558 ) ) ;
#462 = DIRECTION ( 'NONE',  ( 0.000000000000000000, 0.000000000000000000, 1.000000000000000000 ) ) ;
#463 = VERTEX_POINT ( 'NONE', #333 ) ;
#464 = DIRECTION ( 'NONE',  ( -0.5000000000000004441, 1.060575238724906545E-16, -0.8660254037844383745 ) ) ;
#465 = CARTESIAN_POINT ( 'NONE',  ( 3.411449999999999871, 0.000000000000000000, 0.000000000000000000 ) ) ;
#466 = ORIENTED_EDGE ( 'NONE', *, *, #276, .T. ) ;
#467 = DIRECTION ( 'NONE',  ( 0.000000000000000000, 0.000000000000000000, 1.000000000000000000 ) ) ;
#468 = DIRECTION ( 'NONE',  ( 0.000000000000000000, 0.000000000000000000, 1.000000000000000000 ) ) ;
#469 = DIRECTION ( 'NONE',  ( 0.000000000000000000, 0.000000000000000000, 1.000000000000000000 ) ) ;
#470 = EDGE_CURVE ( 'NONE', #2040, #612, #1127, .T. ) ;
#471 = VECTOR ( 'NONE', #795, 1000.000000000000000 ) ;
#472 = EDGE_LOOP ( 'NONE', ( #722, #1572 ) ) ;
#473 = ADVANCED_FACE ( 'NONE', ( #1410 ), #904, .T. ) ;
#474 = CARTESIAN_POINT ( 'NONE',  ( 0.5415000000000003144, 0.000000000000000000, 0.000000000000000000 ) ) ;
#475 = DIRECTION ( 'NONE',  ( 0.000000000000000000, 0.000000000000000000, 1.000000000000000000 ) ) ;
#476 = CARTESIAN_POINT ( 'NONE',  ( 4.169550000000000090, 0.000000000000000000, 0.000000000000000000 ) ) ;
#477 = VERTEX_POINT ( 'NONE', #781 ) ;
#478 = LINE ( 'NONE', #2714, #2108 ) ;
#479 = CARTESIAN_POINT ( 'NONE',  ( 5.469149999999999956, 3.673940397442059868E-16, -3.000000000000000000 ) ) ;
#480 = ORIENTED_EDGE ( 'NONE', *, *, #818, .T. ) ;
#481 = CARTESIAN_POINT ( 'NONE',  ( 6.010650000000000048, 0.000000000000000000, 0.000000000000000000 ) ) ;
#482 = DIRECTION ( 'NONE',  ( -2.522956547627733524E-19, 1.000000000000000000, 0.000000000000000000 ) ) ;
#483 = ORIENTED_EDGE ( 'NONE', *, *, #974, .F. ) ;
#484 = DIRECTION ( 'NONE',  ( -1.000000000000000000, -2.522956547627780710E-19, -0.000000000000000000 ) ) ;
#485 = ORIENTED_EDGE ( 'NONE', *, *, #2547, .F. ) ;
#486 = CARTESIAN_POINT ( 'NONE',  ( 1.462050000000000072, 0.5000000000000000000, -2.958039891549808953 ) ) ;
#487 = LINE ( 'NONE', #1384, #440 ) ;
#488 = CONICAL_SURFACE ( 'NONE', #111, 3.000000000000000000, 1.047197551196597187 ) ;
#489 = LINE ( 'NONE', #941, #250 ) ;
#490 = CIRCLE ( 'NONE', #1054, 2.000000000000000888 ) ;
#491 = EDGE_CURVE ( 'NONE', #1477, #743, #2537, .T. ) ;
#492 = ORIENTED_EDGE ( 'NONE', *, *, #897, .T. ) ;
#493 = EDGE_CURVE ( 'NONE', #290, #2077, #1792, .T. ) ;
#494 = ORIENTED_EDGE ( 'NONE', *, *, #2308, .F. ) ;
#495 = AXIS2_PLACEMENT_3D ( 'NONE', #651, #1147, #2213 ) ;
#496 = CARTESIAN_POINT ( 'NONE',  ( 5.469149999999999956, 0.000000000000000000, 3.000000000000000000 ) ) ;
#497 = CARTESIAN_POINT ( 'NONE',  ( 0.9205500000000000904, 0.5000000000000000000, 2.958039891549808509 ) ) ;
#498 = ORIENTED_EDGE ( 'NONE', *, *, #1187, .F. ) ;
#499 = LINE ( 'NONE', #2554, #1288 ) ;
#500 = AXIS2_PLACEMENT_3D ( 'NONE', #1914, #2166, #972 ) ;
#501 = AXIS2_PLACEMENT_3D ( 'NONE', #2317, #2378, #1018 ) ;
#502 = ORIENTED_EDGE ( 'NONE', *, *, #50, .T. ) ;
#503 = FACE_OUTER_BOUND ( 'NONE', #1232, .T. ) ;
#504 = ORIENTED_EDGE ( 'NONE', *, *, #949, .F. ) ;
#505 = CARTESIAN_POINT ( 'NONE',  ( 3.519749999999999712, 0.000000000000000000, 3.000000000000000000 ) ) ;
#506 = DIRECTION ( 'NONE',  ( 1.000000000000000000, 0.000000000000000000, 0.000000000000000000 ) ) ;
#507 = DIRECTION ( 'NONE',  ( 0.000000000000000000, 0.000000000000000000, -1.000000000000000000 ) ) ;
#508 = VERTEX_POINT ( 'NONE', #1650 ) ;
#509 = ORIENTED_EDGE ( 'NONE', *, *, #400, .T. ) ;
#510 = CARTESIAN_POINT ( 'NONE',  ( 1.841100000000000181, -0.5000000000000000000, -2.481169109634480563 ) ) ;
#511 = VECTOR ( 'NONE', #464, 1000.000000000000000 ) ;
#512 = DIRECTION ( 'NONE',  ( -1.000000000000000000, -0.000000000000000000, -0.000000000000000000 ) ) ;
#513 = VERTEX_POINT ( 'NONE', #2074 ) ;
#514 = DIRECTION ( 'NONE',  ( -0.7071067811865464625, -0.7071067811865486830, 0.000000000000000000 ) ) ;
#515 = EDGE_LOOP ( 'NONE', ( #2522, #842, #2594, #2092 ) ) ;
#516 = DIRECTION ( 'NONE',  ( 0.000000000000000000, 0.000000000000000000, -1.000000000000000000 ) ) ;
#517 = CARTESIAN_POINT ( 'NONE',  ( -1.342065565966833835E-16, -0.5000000000000000000, 2.407119076821918391 ) ) ;
#518 = TOROIDAL_SURFACE ( 'NONE', #2259, 2.200000000000001066, 0.2000000000000000111 ) ;
#519 = DIRECTION ( 'NONE',  ( -1.000000000000000000, -2.522956547627780710E-19, -0.000000000000000000 ) ) ;
#520 = TOROIDAL_SURFACE ( 'NONE', #2073, 2.200000000000001066, 0.2000000000000000111 ) ;
#521 = VERTEX_POINT ( 'NONE', #1220 ) ;
#522 = EDGE_LOOP ( 'NONE', ( #808, #2511, #1304, #225 ) ) ;
#523 = CARTESIAN_POINT ( 'NONE',  ( 6.118949999999999889, 0.000000000000000000, 0.000000000000000000 ) ) ;
#524 = FACE_OUTER_BOUND ( 'NONE', #1550, .T. ) ;
#525 = EDGE_LOOP ( 'NONE', ( #1656, #215, #1285, #527, #1827, #2713 ) ) ;
#526 = CARTESIAN_POINT ( 'NONE',  ( 2.220150000000000290, -3.000000000000000000, 0.000000000000000000 ) ) ;
#527 = ORIENTED_EDGE ( 'NONE', *, *, #386, .T. ) ;
#528 = CARTESIAN_POINT ( 'NONE',  ( 0.8122500000000001386, 0.5000000000000000000, -2.958039891549808953 ) ) ;
#529 = FACE_OUTER_BOUND ( 'NONE', #2465, .T. ) ;
#530 = CARTESIAN_POINT ( 'NONE',  ( 2.000000000000000444, 0.5000000000000000000, 2.761367771692233131 ) ) ;
#531 = VERTEX_POINT ( 'NONE', #1456 ) ;
#532 = EDGE_LOOP ( 'NONE', ( #2293, #1113, #2699, #1624, #1934 ) ) ;
#533 = CARTESIAN_POINT ( 'NONE',  ( 11.80000000000000071, 2.000000000000000000, 2.449293598294707893E-16 ) ) ;
#534 = CARTESIAN_POINT ( 'NONE',  ( -1.344588522514461539E-16, 0.5000000000000000000, -2.407119076821917947 ) ) ;
#535 = CIRCLE ( 'NONE', #2187, 2.531047243850726769 ) ;
#536 = VERTEX_POINT ( 'NONE', #52 ) ;
#537 = CARTESIAN_POINT ( 'NONE',  ( 7.039499999999999424, 0.000000000000000000, 2.531047243850726769 ) ) ;
#538 = DIRECTION ( 'NONE',  ( -1.000000000000000000, -2.522956547627780710E-19, -0.000000000000000000 ) ) ;
#539 = CONICAL_SURFACE ( 'NONE', #1482, 3.000000000000000000, 1.047197551196597187 ) ;
#540 = CIRCLE ( 'NONE', #2046, 3.000000000000000000 ) ;
#541 = ORIENTED_EDGE ( 'NONE', *, *, #1966, .F. ) ;
#542 = CARTESIAN_POINT ( 'NONE',  ( 4.061249999999999361, 0.000000000000000000, 0.000000000000000000 ) ) ;
#543 = ADVANCED_FACE ( 'NONE', ( #1832 ), #305, .T. ) ;
#544 = VECTOR ( 'NONE', #1250, 1000.000000000000000 ) ;
#545 = CARTESIAN_POINT ( 'NONE',  ( 2.761649999999999938, 0.000000000000000000, 0.000000000000000000 ) ) ;
#546 = DIRECTION ( 'NONE',  ( 0.000000000000000000, -1.000000000000000000, 0.000000000000000000 ) ) ;
#547 = ORIENTED_EDGE ( 'NONE', *, *, #1484, .T. ) ;
#548 = ORIENTED_EDGE ( 'NONE', *, *, #2860, .T. ) ;
#549 = FACE_OUTER_BOUND ( 'NONE', #1300, .T. ) ;
#550 = CARTESIAN_POINT ( 'NONE',  ( 2.761649999999999938, 0.000000000000000000, -3.000000000000000444 ) ) ;
#551 = ORIENTED_EDGE ( 'NONE', *, *, #1692, .T. ) ;
#552 = CIRCLE ( 'NONE', #2586, 3.000000000000000444 ) ;
#553 = DIRECTION ( 'NONE',  ( -1.000000000000000000, -0.000000000000000000, -0.000000000000000000 ) ) ;
#554 = CARTESIAN_POINT ( 'NONE',  ( 0.4843760002937658737, -0.5000000000000000000, -2.582099771609288830 ) ) ;
#555 = FACE_OUTER_BOUND ( 'NONE', #730, .T. ) ;
#556 = ORIENTED_EDGE ( 'NONE', *, *, #1922, .T. ) ;
#557 = CARTESIAN_POINT ( 'NONE',  ( 5.739900000000000446, 0.000000000000000000, 0.000000000000000000 ) ) ;
#558 = DIRECTION ( 'NONE',  ( -1.000000000000000000, -2.522956547627780710E-19, -0.000000000000000000 ) ) ;
#559 = EDGE_LOOP ( 'NONE', ( #53, #1179, #394, #70 ) ) ;
#560 = AXIS2_PLACEMENT_3D ( 'NONE', #2018, #894, #388 ) ;
#561 = ORIENTED_EDGE ( 'NONE', *, *, #401, .T. ) ;
#562 = CARTESIAN_POINT ( 'NONE',  ( 1.462050000000000072, 0.000000000000000000, 0.000000000000000000 ) ) ;
#563 = AXIS2_PLACEMENT_3D ( 'NONE', #985, #2588, #103 ) ;
#564 = EDGE_CURVE ( 'NONE', #2347, #531, #348, .T. ) ;
#565 = ORIENTED_EDGE ( 'NONE', *, *, #578, .F. ) ;
#566 = CIRCLE ( 'NONE', #2784, 3.000000000000000444 ) ;
#567 = CARTESIAN_POINT ( 'NONE',  ( 3.411449999999999871, 0.000000000000000000, 0.000000000000000000 ) ) ;
#568 = FACE_OUTER_BOUND ( 'NONE', #902, .T. ) ;
#569 = CARTESIAN_POINT ( 'NONE',  ( 3.411449999999999871, 0.000000000000000000, -3.000000000000000444 ) ) ;
#570 = ORIENTED_EDGE ( 'NONE', *, *, #1784, .F. ) ;
#571 = DIRECTION ( 'NONE',  ( -1.000000000000000000, -2.522956547627780710E-19, -0.000000000000000000 ) ) ;
#572 = FACE_OUTER_BOUND ( 'NONE', #1294, .T. ) ;
#573 = CIRCLE ( 'NONE', #824, 3.000000000000000000 ) ;
#574 = ORIENTED_EDGE ( 'NONE', *, *, #2517, .F. ) ;
#575 = ORIENTED_EDGE ( 'NONE', *, *, #2420, .T. ) ;
#576 = CARTESIAN_POINT ( 'NONE',  ( 0.8122500000000001386, 0.000000000000000000, 0.000000000000000000 ) ) ;
#577 = EDGE_CURVE ( 'NONE', #2269, #2836, #35, .T. ) ;
#578 = EDGE_CURVE ( 'NONE', #1180, #1765, #2549, .T. ) ;
#579 = EDGE_CURVE ( 'NONE', #1515, #2035, #499, .T. ) ;
#580 = EDGE_LOOP ( 'NONE', ( #2530, #407, #758, #702, #292, #1633 ) ) ;
#581 = CIRCLE ( 'NONE', #952, 2.531047243850726769 ) ;
#582 = DIRECTION ( 'NONE',  ( 0.000000000000000000, 0.000000000000000000, -1.000000000000000000 ) ) ;
#583 = DIRECTION ( 'NONE',  ( -1.000000000000000000, -0.000000000000000000, -0.000000000000000000 ) ) ;
#584 = VECTOR ( 'NONE', #1574, 1000.000000000000000 ) ;
#585 = CIRCLE ( 'NONE', #1058, 0.2000000000000000944 ) ;
#586 = ORIENTED_EDGE ( 'NONE', *, *, #1408, .F. ) ;
#587 = CARTESIAN_POINT ( 'NONE',  ( 6.118949999999999889, -3.000000000000000000, 0.000000000000000000 ) ) ;
#588 = VERTEX_POINT ( 'NONE', #526 ) ;
#589 = PERSON_AND_ORGANIZATION ( #1771, #2559 ) ;
#590 = AXIS2_PLACEMENT_3D ( 'NONE', #90, #728, #2065 ) ;
#591 = CARTESIAN_POINT ( 'NONE',  ( 2.000000000000000444, 0.5000000000000000000, -3.000000000000001332 ) ) ;
#592 = CIRCLE ( 'NONE', #1678, 3.000000000000000444 ) ;
#593 = B_SPLINE_CURVE_WITH_KNOTS ( 'NONE', 3,
 ( #858, #1359, #2472, #237 ),
 .UNSPECIFIED., .F., .F.,
 ( 4, 4 ),
 ( 0.0002445830953508210288, 0.0007724868892741453864 ),
 .UNSPECIFIED. ) ;
#594 = ORIENTED_EDGE ( 'NONE', *, *, #1739, .F. ) ;
#595 = ORIENTED_EDGE ( 'NONE', *, *, #2255, .T. ) ;
#596 = AXIS2_PLACEMENT_3D ( 'NONE', #2695, #1836, #218 ) ;
#597 = DIRECTION ( 'NONE',  ( -1.000000000000000000, -0.000000000000000000, -0.000000000000000000 ) ) ;
#598 = EDGE_LOOP ( 'NONE', ( #1743, #977, #2449, #2915, #1537 ) ) ;
#599 = DIRECTION ( 'NONE',  ( 0.000000000000000000, 0.000000000000000000, 1.000000000000000000 ) ) ;
#600 = CARTESIAN_POINT ( 'NONE',  ( 0.000000000000000000, -7.326015538338596896E-16, 0.000000000000000000 ) ) ;
#601 = ORIENTED_EDGE ( 'NONE', *, *, #1922, .F. ) ;
#602 = EDGE_CURVE ( 'NONE', #1197, #1648, #2011, .T. ) ;
#603 = DIRECTION ( 'NONE',  ( -1.000000000000000000, -2.522956547627780710E-19, -0.000000000000000000 ) ) ;
#604 = ORIENTED_EDGE ( 'NONE', *, *, #1838, .F. ) ;
#605 = DATE_AND_TIME ( #1062, #2693 ) ;
#606 = EDGE_CURVE ( 'NONE', #238, #2773, #1851, .T. ) ;
#607 = CARTESIAN_POINT ( 'NONE',  ( 7.418549999999999756, 0.000000000000000000, 0.000000000000000000 ) ) ;
#608 = ORIENTED_EDGE ( 'NONE', *, *, #1709, .F. ) ;
#609 = ORIENTED_EDGE ( 'NONE', *, *, #2319, .T. ) ;
#610 = CARTESIAN_POINT ( 'NONE',  ( -8.570335710299064047, -0.5000000000000000000, -2.958039891549809841 ) ) ;
#611 = CARTESIAN_POINT ( 'NONE',  ( 3.790500000000000203, 0.000000000000000000, 0.000000000000000000 ) ) ;
#612 = VERTEX_POINT ( 'NONE', #1441 ) ;
#613 = CARTESIAN_POINT ( 'NONE',  ( 0.7218188310134410202, 0.5000000000000000000, 2.799186679610361050 ) ) ;
#614 = DIRECTION ( 'NONE',  ( 0.000000000000000000, 0.000000000000000000, 1.000000000000000000 ) ) ;
#615 = AXIS2_PLACEMENT_3D ( 'NONE', #1643, #1417, #2352 ) ;
#616 = ORIENTED_EDGE ( 'NONE', *, *, #1280, .F. ) ;
#617 = FACE_OUTER_BOUND ( 'NONE', #1793, .T. ) ;
#618 = SECURITY_CLASSIFICATION_LEVEL ( 'unclassified' ) ;
#619 = ADVANCED_FACE ( 'NONE', ( #2518 ), #736, .T. ) ;
#620 = DIRECTION ( 'NONE',  ( -1.000000000000000000, -0.000000000000000000, -0.000000000000000000 ) ) ;
#621 = VERTEX_POINT ( 'NONE', #71 ) ;
#622 = DIRECTION ( 'NONE',  ( 0.000000000000000000, 0.000000000000000000, 1.000000000000000000 ) ) ;
#623 = CARTESIAN_POINT ( 'NONE',  ( -1.350895913883530798E-16, 3.000000000000000444, 0.000000000000000000 ) ) ;
#624 = VERTEX_POINT ( 'NONE', #966 ) ;
#625 = CONICAL_SURFACE ( 'NONE', #2273, 3.000000000000000000, 1.047197551196597187 ) ;
#626 = CARTESIAN_POINT ( 'NONE',  ( 0.2707500000000001572, 0.000000000000000000, 0.000000000000000000 ) ) ;
#627 = DIRECTION ( 'NONE',  ( -2.522956547628765341E-19, 1.000000000000000000, 0.000000000000000000 ) ) ;
#628 = ORIENTED_EDGE ( 'NONE', *, *, #900, .T. ) ;
#629 = VECTOR ( 'NONE', #887, 1000.000000000000000 ) ;
#630 = DIRECTION ( 'NONE',  ( 0.000000000000000000, 0.000000000000000000, -1.000000000000000000 ) ) ;
#631 = AXIS2_PLACEMENT_3D ( 'NONE', #1627, #2526, #2079 ) ;
#632 = AXIS2_PLACEMENT_3D ( 'NONE', #2427, #2658, #2385 ) ;
#633 = CARTESIAN_POINT ( 'NONE',  ( 2.220150000000000290, 0.000000000000000000, 3.000000000000000000 ) ) ;
#634 = FACE_OUTER_BOUND ( 'NONE', #1299, .T. ) ;
#635 = CONICAL_SURFACE ( 'NONE', #2286, 2.531047243850726769, 1.047197551196598297 ) ;
#636 = CARTESIAN_POINT ( 'NONE',  ( -8.570335710299064047, 0.5000000000000000000, 2.958039891549809397 ) ) ;
#637 = DIRECTION ( 'NONE',  ( -1.000000000000000000, -0.000000000000000000, -0.000000000000000000 ) ) ;
#638 = AXIS2_PLACEMENT_3D ( 'NONE', #1446, #1899, #2381 ) ;
#639 = VERTEX_POINT ( 'NONE', #1869 ) ;
#640 = VECTOR ( 'NONE', #2045, 1000.000000000000000 ) ;
#641 = CARTESIAN_POINT ( 'NONE',  ( 7.039499999999999424, 0.000000000000000000, 0.000000000000000000 ) ) ;
#642 = DIRECTION ( 'NONE',  ( 0.4999999999999995004, 0.000000000000000000, -0.8660254037844389297 ) ) ;
#643 = EDGE_LOOP ( 'NONE', ( #2099, #2339, #2650, #2878, #1586, #1499 ) ) ;
#644 = DIRECTION ( 'NONE',  ( 0.000000000000000000, 0.000000000000000000, -1.000000000000000000 ) ) ;
#645 = DATE_AND_TIME ( #1767, #1000 ) ;
#646 = EDGE_CURVE ( 'NONE', #531, #1197, #1423, .T. ) ;
#647 = CONICAL_SURFACE ( 'NONE', #2911, 3.000000000000000000, 1.047197551196597187 ) ;
#648 = DIRECTION ( 'NONE',  ( 0.4999999999999995004, 1.060575238724907285E-16, 0.8660254037844389297 ) ) ;
#649 = VERTEX_POINT ( 'NONE', #86 ) ;
#650 = DIRECTION ( 'NONE',  ( 0.000000000000000000, 0.000000000000000000, -1.000000000000000000 ) ) ;
#651 = CARTESIAN_POINT ( 'NONE',  ( 3.140700000000000269, 0.000000000000000000, 0.000000000000000000 ) ) ;
#652 = ORIENTED_EDGE ( 'NONE', *, *, #602, .T. ) ;
#653 = DIRECTION ( 'NONE',  ( 0.000000000000000000, 0.000000000000000000, 1.000000000000000000 ) ) ;
#654 = DIRECTION ( 'NONE',  ( -0.5000000000000004441, 1.060575238724906545E-16, -0.8660254037844383745 ) ) ;
#655 = EDGE_CURVE ( 'NONE', #254, #1727, #430, .T. ) ;
#656 = EDGE_CURVE ( 'NONE', #942, #828, #982, .T. ) ;
#657 = EDGE_LOOP ( 'NONE', ( #2047, #1849, #2060, #561, #355 ) ) ;
#658 = CIRCLE ( 'NONE', #419, 3.000000000000000444 ) ;
#659 = FACE_OUTER_BOUND ( 'NONE', #1756, .T. ) ;
#660 = AXIS2_PLACEMENT_3D ( 'NONE', #474, #41, #2303 ) ;
#661 = CARTESIAN_POINT ( 'NONE',  ( 1.570350000000000135, -0.5000000000000000000, 2.958039891549808509 ) ) ;
#662 = EDGE_CURVE ( 'NONE', #1433, #2284, #423, .T. ) ;
#663 = DIRECTION ( 'NONE',  ( 0.000000000000000000, 0.000000000000000000, 1.000000000000000000 ) ) ;
#664 = DIRECTION ( 'NONE',  ( 0.000000000000000000, -0.000000000000000000, 1.000000000000000000 ) ) ;
#665 = EDGE_CURVE ( 'NONE', #731, #1093, #1704, .T. ) ;
#666 = VERTEX_POINT ( 'NONE', #393 ) ;
#667 = DIRECTION ( 'NONE',  ( -0.5000000000000004441, 0.000000000000000000, 0.8660254037844383745 ) ) ;
#668 = EDGE_CURVE ( 'NONE', #1108, #105, #2407, .T. ) ;
#669 = CARTESIAN_POINT ( 'NONE',  ( 6.660449999999999982, 0.000000000000000000, 0.000000000000000000 ) ) ;
#670 = EDGE_CURVE ( 'NONE', #2773, #2835, #2750, .T. ) ;
#671 = ADVANCED_FACE ( 'NONE', ( #568 ), #488, .T. ) ;
#672 = AXIS2_PLACEMENT_3D ( 'NONE', #2357, #1674, #2579 ) ;
#673 = VERTEX_POINT ( 'NONE', #2624 ) ;
#674 = LOCAL_TIME ( 23, 2, 37.00000000000000000, #2395 ) ;
#675 = CARTESIAN_POINT ( 'NONE',  ( 5.739900000000000446, 0.000000000000000000, 0.000000000000000000 ) ) ;
#676 = CARTESIAN_POINT ( 'NONE',  ( 1.191300000000000248, 0.000000000000000000, 0.000000000000000000 ) ) ;
#677 = CIRCLE ( 'NONE', #631, 3.000000000000000000 ) ;
#678 = AXIS2_PLACEMENT_3D ( 'NONE', #1921, #2160, #1040 ) ;
#679 = AXIS2_PLACEMENT_3D ( 'NONE', #1253, #597, #403 ) ;
#680 = CARTESIAN_POINT ( 'NONE',  ( 0.9205500000000000904, -3.000000000000000000, 0.000000000000000000 ) ) ;
#681 = DIRECTION ( 'NONE',  ( -1.000000000000000000, -2.522956547627780710E-19, -0.000000000000000000 ) ) ;
#682 = CONICAL_SURFACE ( 'NONE', #2094, 3.000000000000000000, 1.047197551196597187 ) ;
#683 = CONICAL_SURFACE ( 'NONE', #446, 2.531047243850726769, 1.047197551196598297 ) ;
#684 = EDGE_LOOP ( 'NONE', ( #2821, #85, #2006, #1240, #1961, #46, #1307, #1675, #759, #2391, #565, #2890, #1616, #1152, #260, #1862, #2516, #2173, #2777, #1559 ) ) ;
#685 = CARTESIAN_POINT ( 'NONE',  ( 2.000000000000000444, -0.5000000000000000000, -2.761367771692233131 ) ) ;
#686 = CARTESIAN_POINT ( 'NONE',  ( -8.570335710299064047, 0.5000000000000000000, -2.958039891549809397 ) ) ;
#687 = ORIENTED_EDGE ( 'NONE', *, *, #1276, .F. ) ;
#688 = EDGE_CURVE ( 'NONE', #1249, #743, #1576, .T. ) ;
#689 = DIRECTION ( 'NONE',  ( 0.000000000000000000, 0.000000000000000000, 1.000000000000000000 ) ) ;
#690 = EDGE_CURVE ( 'NONE', #1360, #2269, #2230, .T. ) ;
#691 = EDGE_CURVE ( 'NONE', #92, #2558, #1140, .T. ) ;
#692 = DIRECTION ( 'NONE',  ( 0.000000000000000000, 0.000000000000000000, 1.000000000000000000 ) ) ;
#693 = LINE ( 'NONE', #2268, #640 ) ;
#694 = EDGE_LOOP ( 'NONE', ( #1639, #1503, #1006, #342, #1491 ) ) ;
#695 = AXIS2_PLACEMENT_3D ( 'NONE', #2500, #2248, #1371 ) ;
#696 = DIRECTION ( 'NONE',  ( -1.000000000000000000, -2.522956547627780710E-19, -0.000000000000000000 ) ) ;
#697 = DIRECTION ( 'NONE',  ( -2.522956547627780710E-19, 1.000000000000000000, 0.000000000000000000 ) ) ;
#698 = DIRECTION ( 'NONE',  ( 0.000000000000000000, -1.000000000000000000, 0.000000000000000000 ) ) ;
#699 = VERTEX_POINT ( 'NONE', #2638 ) ;
#700 = FACE_OUTER_BOUND ( 'NONE', #2260, .T. ) ;
#701 = CYLINDRICAL_SURFACE ( 'NONE', #2136, 3.000000000000001332 ) ;
#702 = ORIENTED_EDGE ( 'NONE', *, *, #1739, .T. ) ;
#703 = CARTESIAN_POINT ( 'NONE',  ( -8.570335710299064047, -7.347638122934263549E-16, 0.000000000000000000 ) ) ;
#704 = AXIS2_PLACEMENT_3D ( 'NONE', #109, #2410, #1757 ) ;
#705 = LINE ( 'NONE', #2118, #471 ) ;
#706 = FACE_OUTER_BOUND ( 'NONE', #2133, .T. ) ;
#707 = ADVANCED_FACE ( 'NONE', ( #1749 ), #1331, .T. ) ;
#708 = CIRCLE ( 'NONE', #45, 3.000000000000000000 ) ;
#709 = EDGE_CURVE ( 'NONE', #2035, #262, #2740, .T. ) ;
#710 = EDGE_LOOP ( 'NONE', ( #1070, #339, #2461, #2729 ) ) ;
#711 = CONICAL_SURFACE ( 'NONE', #98, 2.531047243850726769, 1.047197551196598297 ) ;
#712 = DIRECTION ( 'NONE',  ( -0.5000000000000004441, 1.060575238724906545E-16, -0.8660254037844383745 ) ) ;
#713 = CARTESIAN_POINT ( 'NONE',  ( 5.469149999999999956, 3.673940397442059868E-16, -3.000000000000000000 ) ) ;
#714 = CARTESIAN_POINT ( 'NONE',  ( 1.946961548805161257, 0.5000000000000000000, -2.668008666462922562 ) ) ;
#715 = ORIENTED_EDGE ( 'NONE', *, *, #1255, .T. ) ;
#716 = ORIENTED_EDGE ( 'NONE', *, *, #1282, .F. ) ;
#717 = FACE_OUTER_BOUND ( 'NONE', #598, .T. ) ;
#718 = DIRECTION ( 'NONE',  ( 0.000000000000000000, -1.000000000000000000, 0.000000000000000000 ) ) ;
#719 = VERTEX_POINT ( 'NONE', #110 ) ;
#720 = DIRECTION ( 'NONE',  ( -1.000000000000000000, -2.522956547627780710E-19, -0.000000000000000000 ) ) ;
#721 = DIRECTION ( 'NONE',  ( 0.000000000000000000, 0.000000000000000000, 1.000000000000000000 ) ) ;
#722 = ORIENTED_EDGE ( 'NONE', *, *, #2169, .T. ) ;
#723 = CARTESIAN_POINT ( 'NONE',  ( -8.570335710299064047, -7.347638122934263549E-16, 0.000000000000000000 ) ) ;
#724 = ORIENTED_EDGE ( 'NONE', *, *, #740, .T. ) ;
#725 = DIRECTION ( 'NONE',  ( 0.000000000000000000, 0.000000000000000000, 1.000000000000000000 ) ) ;
#726 = CARTESIAN_POINT ( 'NONE',  ( 5.360850000000000115, 0.000000000000000000, 0.000000000000000000 ) ) ;
#727 = AXIS2_PLACEMENT_3D ( 'NONE', #1829, #300, #1618 ) ;
#728 = DIRECTION ( 'NONE',  ( -1.000000000000000000, -2.522956547627780710E-19, -0.000000000000000000 ) ) ;
#729 = VECTOR ( 'NONE', #806, 1000.000000000000000 ) ;
#730 = EDGE_LOOP ( 'NONE', ( #1600, #2686, #2823, #1698, #1814 ) ) ;
#731 = VERTEX_POINT ( 'NONE', #156 ) ;
#732 = DIRECTION ( 'NONE',  ( 0.000000000000000000, 0.000000000000000000, 1.000000000000000000 ) ) ;
#733 = CARTESIAN_POINT ( 'NONE',  ( 6.389699999999999491, 3.386789651557291319E-16, -2.531047243850726769 ) ) ;
#734 = CONICAL_SURFACE ( 'NONE', #2807, 3.000000000000000000, 1.047197551196597187 ) ;
#735 = ORIENTED_EDGE ( 'NONE', *, *, #2003, .T. ) ;
#736 = CYLINDRICAL_SURFACE ( 'NONE', #770, 3.000000000000001332 ) ;
#737 = CONICAL_SURFACE ( 'NONE', #1107, 3.000000000000000000, 1.047197551196597187 ) ;
#738 = ORIENTED_EDGE ( 'NONE', *, *, #2148, .F. ) ;
#739 = LINE ( 'NONE', #2506, #2666 ) ;
#740 = EDGE_CURVE ( 'NONE', #1041, #2580, #1988, .T. ) ;
#741 = CARTESIAN_POINT ( 'NONE',  ( 1.191300000000000248, 0.5000000000000000000, 2.481169109634480563 ) ) ;
#742 = CARTESIAN_POINT ( 'NONE',  ( 1.841100000000000181, 0.5000000000000000000, 2.481169109634480563 ) ) ;
#743 = VERTEX_POINT ( 'NONE', #1956 ) ;
#744 = VERTEX_POINT ( 'NONE', #1258 ) ;
#745 = CARTESIAN_POINT ( 'NONE',  ( 0.8122500000000001386, -0.5000000000000000000, -2.958039891549808953 ) ) ;
#746 = AXIS2_PLACEMENT_3D ( 'NONE', #1122, #2037, #2295 ) ;
#747 = CARTESIAN_POINT ( 'NONE',  ( 0.1231073104550391845, 0.5000000000000000000, -2.532854162247483831 ) ) ;
#748 = EDGE_CURVE ( 'NONE', #1532, #1917, #861, .T. ) ;
#749 = VERTEX_POINT ( 'NONE', #1485 ) ;
#750 = EDGE_CURVE ( 'NONE', #649, #2787, #2279, .T. ) ;
#751 = CARTESIAN_POINT ( 'NONE',  ( 1.660781871244877417, 0.5000000000000000000, 2.799185446009261558 ) ) ;
#752 = VERTEX_POINT ( 'NONE', #344 ) ;
#753 = DIRECTION ( 'NONE',  ( 0.000000000000000000, 0.000000000000000000, 1.000000000000000000 ) ) ;
#754 = CARTESIAN_POINT ( 'NONE',  ( 6.389699999999999491, 3.099638905672523263E-16, 2.531047243850726769 ) ) ;
#755 = AXIS2_PLACEMENT_3D ( 'NONE', #1820, #2796, #1688 ) ;
#756 = LINE ( 'NONE', #2510, #18 ) ;
#757 = EDGE_CURVE ( 'NONE', #588, #2644, #68, .T. ) ;
#758 = ORIENTED_EDGE ( 'NONE', *, *, #2353, .T. ) ;
#759 = ORIENTED_EDGE ( 'NONE', *, *, #1819, .F. ) ;
#760 = CARTESIAN_POINT ( 'NONE',  ( 2.761649999999999938, 0.000000000000000000, 0.000000000000000000 ) ) ;
#761 = LINE ( 'NONE', #479, #7 ) ;
#762 = EDGE_CURVE ( 'NONE', #2558, #92, #1947, .T. ) ;
#763 = ORIENTED_EDGE ( 'NONE', *, *, #953, .F. ) ;
#764 = EDGE_CURVE ( 'NONE', #731, #744, #1938, .T. ) ;
#765 = DIRECTION ( 'NONE',  ( 1.000000000000000000, 0.000000000000000000, 0.000000000000000000 ) ) ;
#766 = VERTEX_POINT ( 'NONE', #2889 ) ;
#767 = PERSON_AND_ORGANIZATION ( #1771, #2559 ) ;
#768 = CARTESIAN_POINT ( 'NONE',  ( 1.371618831013441397, -0.5000000000000000000, -2.799186679610361939 ) ) ;
#769 = DIRECTION ( 'NONE',  ( 0.000000000000000000, -1.000000000000000000, 0.000000000000000000 ) ) ;
#770 = AXIS2_PLACEMENT_3D ( 'NONE', #2329, #1638, #2087 ) ;
#771 = ORIENTED_EDGE ( 'NONE', *, *, #2147, .F. ) ;
#772 = VECTOR ( 'NONE', #1723, 1000.000000000000000 ) ;
#773 = ORIENTED_EDGE ( 'NONE', *, *, #1968, .T. ) ;
#774 = PLANE ( 'NONE',  #409 ) ;
#775 = APPROVAL ( #1552, '未指定' ) ;
#776 = CARTESIAN_POINT ( 'NONE',  ( -8.570335710299064047, -2.000000000000001776, 0.000000000000000000 ) ) ;
#777 = VECTOR ( 'NONE', #2628, 1000.000000000000000 ) ;
#778 = CIRCLE ( 'NONE', #2380, 1.800000000000000711 ) ;
#779 = ORIENTED_EDGE ( 'NONE', *, *, #1789, .F. ) ;
#780 = CARTESIAN_POINT ( 'NONE',  ( 0.5415000000000003144, 0.000000000000000000, 0.000000000000000000 ) ) ;
#781 = CARTESIAN_POINT ( 'NONE',  ( 5.360850000000000115, -3.000000000000000444, 0.000000000000000000 ) ) ;
#782 = EDGE_CURVE ( 'NONE', #2576, #2237, #1846, .T. ) ;
#783 = CARTESIAN_POINT ( 'NONE',  ( 5.090100000000000513, 0.000000000000000000, 2.531047243850726769 ) ) ;
#784 = EDGE_LOOP ( 'NONE', ( #2912, #1622, #2803, #2612, #1082 ) ) ;
#785 = DIRECTION ( 'NONE',  ( -1.000000000000000000, -0.000000000000000000, -0.000000000000000000 ) ) ;
#786 = CIRCLE ( 'NONE', #638, 3.000000000000000444 ) ;
#787 = CARTESIAN_POINT ( 'NONE',  ( 0.9205500000000000904, -0.5000000000000000000, 2.958039891549808509 ) ) ;
#788 = CARTESIAN_POINT ( 'NONE',  ( 0.9205500000000000904, 0.5000000000000000000, -2.958039891549808509 ) ) ;
#789 = ADVANCED_BREP_SHAPE_REPRESENTATION ( 'GBT_75-1985_M6_12', ( #196, #2390 ), #357 ) ;
#790 = ORIENTED_EDGE ( 'NONE', *, *, #801, .T. ) ;
#791 = ORIENTED_EDGE ( 'NONE', *, *, #125, .T. ) ;
#792 = DIRECTION ( 'NONE',  ( -1.000000000000000000, -0.000000000000000000, -0.000000000000000000 ) ) ;
#793 = ORIENTED_EDGE ( 'NONE', *, *, #2034, .T. ) ;
#794 = AXIS2_PLACEMENT_3D ( 'NONE', #2128, #1436, #329 ) ;
#795 = DIRECTION ( 'NONE',  ( -1.000000000000000000, -2.522956547627780710E-19, -0.000000000000000000 ) ) ;
#796 = DIRECTION ( 'NONE',  ( 0.000000000000000000, 0.000000000000000000, 1.000000000000000000 ) ) ;
#797 = CARTESIAN_POINT ( 'NONE',  ( 4.440300000000000580, 3.099638905672523263E-16, 2.531047243850726769 ) ) ;
#798 = VERTEX_POINT ( 'NONE', #2235 ) ;
#799 = EDGE_CURVE ( 'NONE', #612, #1137, #1123, .T. ) ;
#800 = DIRECTION ( 'NONE',  ( 0.000000000000000000, 0.000000000000000000, 1.000000000000000000 ) ) ;
#801 = EDGE_CURVE ( 'NONE', #2422, #828, #1376, .T. ) ;
#802 = EDGE_CURVE ( 'NONE', #285, #200, #224, .T. ) ;
#803 = ORIENTED_EDGE ( 'NONE', *, *, #564, .F. ) ;
#804 = AXIS2_PLACEMENT_3D ( 'NONE', #567, #2044, #692 ) ;
#805 = ORIENTED_EDGE ( 'NONE', *, *, #228, .F. ) ;
#806 = DIRECTION ( 'NONE',  ( -1.000000000000000000, -2.522956547627780710E-19, -0.000000000000000000 ) ) ;
#807 = VECTOR ( 'NONE', #2030, 1000.000000000000000 ) ;
#808 = ORIENTED_EDGE ( 'NONE', *, *, #231, .T. ) ;
#809 = CARTESIAN_POINT ( 'NONE',  ( 2.869950000000000223, 0.000000000000000000, 0.000000000000000000 ) ) ;
#810 = CARTESIAN_POINT ( 'NONE',  ( 6.389699999999999491, 0.000000000000000000, -2.531047243850726769 ) ) ;
#811 = DIRECTION ( 'NONE',  ( 1.000000000000000000, 2.522956547627780710E-19, 0.000000000000000000 ) ) ;
#812 = ORIENTED_EDGE ( 'NONE', *, *, #564, .T. ) ;
#813 = LINE ( 'NONE', #591, #1272 ) ;
#814 = AXIS2_PLACEMENT_3D ( 'NONE', #1876, #49, #2780 ) ;
#815 = EDGE_LOOP ( 'NONE', ( #1644, #1004, #434, #2873, #485 ) ) ;
#816 = VERTEX_POINT ( 'NONE', #16 ) ;
#817 = DIRECTION ( 'NONE',  ( 1.000000000000000000, 0.000000000000000000, 0.000000000000000000 ) ) ;
#818 = EDGE_CURVE ( 'NONE', #1596, #2632, #593, .T. ) ;
#819 = EDGE_LOOP ( 'NONE', ( #1481, #1720, #1826, #983, #1786 ) ) ;
#820 = EDGE_CURVE ( 'NONE', #1311, #1387, #1561, .T. ) ;
#821 = AXIS2_PLACEMENT_3D ( 'NONE', #726, #1810, #1368 ) ;
#822 = FACE_OUTER_BOUND ( 'NONE', #19, .T. ) ;
#823 = DIRECTION ( 'NONE',  ( 0.000000000000000000, 0.000000000000000000, 1.000000000000000000 ) ) ;
#824 = AXIS2_PLACEMENT_3D ( 'NONE', #2902, #873, #2249 ) ;
#825 = AXIS2_PLACEMENT_3D ( 'NONE', #65, #1865, #1420 ) ;
#826 = ORIENTED_EDGE ( 'NONE', *, *, #493, .T. ) ;
#827 = CARTESIAN_POINT ( 'NONE',  ( 1.570350000000000135, 0.000000000000000000, 0.000000000000000000 ) ) ;
#828 = VERTEX_POINT ( 'NONE', #406 ) ;
#829 = DIRECTION ( 'NONE',  ( 0.000000000000000000, 0.000000000000000000, 1.000000000000000000 ) ) ;
#830 = AXIS2_PLACEMENT_3D ( 'NONE', #1681, #2137, #1210 ) ;
#831 = CARTESIAN_POINT ( 'NONE',  ( 11.80000000000000071, -1.800000000000001377, 0.000000000000000000 ) ) ;
#832 = ORIENTED_EDGE ( 'NONE', *, *, #57, .F. ) ;
#833 = VECTOR ( 'NONE', #1208, 1000.000000000000000 ) ;
#834 = DIRECTION ( 'NONE',  ( -1.000000000000000000, -2.522956547627780710E-19, -0.000000000000000000 ) ) ;
#835 = ORIENTED_EDGE ( 'NONE', *, *, #2214, .F. ) ;
#836 = CARTESIAN_POINT ( 'NONE',  ( 0.8122500000000001386, -0.5000000000000000000, 2.958039891549808953 ) ) ;
#837 = CARTESIAN_POINT ( 'NONE',  ( 6.010650000000000048, 0.000000000000000000, 0.000000000000000000 ) ) ;
#838 = EDGE_CURVE ( 'NONE', #965, #2368, #2332, .T. ) ;
#839 = VERTEX_POINT ( 'NONE', #1980 ) ;
#840 = DIRECTION ( 'NONE',  ( 0.000000000000000000, 0.000000000000000000, 1.000000000000000000 ) ) ;
#841 = CARTESIAN_POINT ( 'NONE',  ( 7.418549999999999756, 0.000000000000000000, 0.000000000000000000 ) ) ;
#842 = ORIENTED_EDGE ( 'NONE', *, *, #960, .T. ) ;
#843 = CARTESIAN_POINT ( 'NONE',  ( 6.118949999999999889, 0.000000000000000000, 0.000000000000000000 ) ) ;
#844 = CARTESIAN_POINT ( 'NONE',  ( 1.841100000000000181, 0.5000000000000000000, 2.481169109634480563 ) ) ;
#845 = ORIENTED_EDGE ( 'NONE', *, *, #186, .T. ) ;
#846 = DIRECTION ( 'NONE',  ( -2.522956547627733524E-19, 1.000000000000000000, 0.000000000000000000 ) ) ;
#847 = DIRECTION ( 'NONE',  ( -1.000000000000000000, -0.000000000000000000, -0.000000000000000000 ) ) ;
#848 = CIRCLE ( 'NONE', #704, 3.000000000000000444 ) ;
#849 = ORIENTED_EDGE ( 'NONE', *, *, #1133, .T. ) ;
#850 = ADVANCED_FACE ( 'NONE', ( #1816 ), #701, .T. ) ;
#851 = DIRECTION ( 'NONE',  ( 0.000000000000000000, 0.000000000000000000, -1.000000000000000000 ) ) ;
#852 = DIRECTION ( 'NONE',  ( -1.000000000000000000, -0.000000000000000000, -0.000000000000000000 ) ) ;
#853 = CARTESIAN_POINT ( 'NONE',  ( 7.310249999999999915, -3.000000000000000444, 0.000000000000000000 ) ) ;
#854 = DIRECTION ( 'NONE',  ( -0.5000000000000004441, 0.000000000000000000, 0.8660254037844383745 ) ) ;
#855 = LINE ( 'NONE', #2369, #1715 ) ;
#856 = ORIENTED_EDGE ( 'NONE', *, *, #2590, .T. ) ;
#857 = DIRECTION ( 'NONE',  ( -1.000000000000000000, -2.522956547627780710E-19, -0.000000000000000000 ) ) ;
#858 = CARTESIAN_POINT ( 'NONE',  ( 0.3698513780746371937, 0.5000000000000000000, 2.783805222686511982 ) ) ;
#859 = VERTEX_POINT ( 'NONE', #2914 ) ;
#860 = VECTOR ( 'NONE', #2582, 1000.000000000000000 ) ;
#861 = CIRCLE ( 'NONE', #2850, 3.000000000000000000 ) ;
#862 = CARTESIAN_POINT ( 'NONE',  ( 2.490900000000000336, 3.099638905672523263E-16, 2.531047243850726769 ) ) ;
#863 = PERSON_AND_ORGANIZATION ( #1771, #2559 ) ;
#864 = VECTOR ( 'NONE', #1356, 1000.000000000000000 ) ;
#865 = DIRECTION ( 'NONE',  ( 0.000000000000000000, -1.000000000000000000, 0.000000000000000000 ) ) ;
#866 = EDGE_CURVE ( 'NONE', #285, #1386, #2090, .T. ) ;
#867 = CARTESIAN_POINT ( 'NONE',  ( 0.4843760002937658737, 0.5000000000000000000, 2.582099771609288830 ) ) ;
#868 = LINE ( 'NONE', #1811, #2899 ) ;
#869 = AXIS2_PLACEMENT_3D ( 'NONE', #1524, #2669, #829 ) ;
#870 = ORIENTED_EDGE ( 'NONE', *, *, #897, .F. ) ;
#871 = VECTOR ( 'NONE', #571, 1000.000000000000000 ) ;
#872 = FACE_OUTER_BOUND ( 'NONE', #1604, .T. ) ;
#873 = DIRECTION ( 'NONE',  ( -1.000000000000000000, -0.000000000000000000, -0.000000000000000000 ) ) ;
#874 = ORIENTED_EDGE ( 'NONE', *, *, #782, .F. ) ;
#875 = DIRECTION ( 'NONE',  ( 0.000000000000000000, 0.000000000000000000, 1.000000000000000000 ) ) ;
#876 = DATE_AND_TIME ( #160, #2226 ) ;
#877 = EDGE_CURVE ( 'NONE', #1611, #798, #417, .T. ) ;
#878 = CIRCLE ( 'NONE', #459, 3.000000000000000000 ) ;
#879 = CARTESIAN_POINT ( 'NONE',  ( 1.751065042615834066, 0.5000000000000000000, -2.640249144232719392 ) ) ;
#880 = ADVANCED_FACE ( 'NONE', ( #1319 ), #2218, .T. ) ;
#881 = EDGE_CURVE ( 'NONE', #859, #1880, #573, .T. ) ;
#882 = EDGE_CURVE ( 'NONE', #1180, #719, #24, .T. ) ;
#883 = FACE_OUTER_BOUND ( 'NONE', #1660, .T. ) ;
#884 = DIRECTION ( 'NONE',  ( 1.000000000000000000, 0.000000000000000000, 0.000000000000000000 ) ) ;
#885 = ORIENTED_EDGE ( 'NONE', *, *, #2690, .T. ) ;
#886 = DIRECTION ( 'NONE',  ( 0.000000000000000000, 0.000000000000000000, 1.000000000000000000 ) ) ;
#887 = DIRECTION ( 'NONE',  ( -1.000000000000000000, -2.522956547627780710E-19, -0.000000000000000000 ) ) ;
#888 = ORIENTED_EDGE ( 'NONE', *, *, #2353, .F. ) ;
#889 = CIRCLE ( 'NONE', #2826, 3.000000000000000000 ) ;
#890 = CARTESIAN_POINT ( 'NONE',  ( 5.469149999999999956, 0.000000000000000000, 0.000000000000000000 ) ) ;
#891 = CC_DESIGN_PERSON_AND_ORGANIZATION_ASSIGNMENT ( #589, #1326, ( #240 ) ) ;
#892 = DIRECTION ( 'NONE',  ( -1.000000000000000000, -2.522956547627780710E-19, -0.000000000000000000 ) ) ;
#893 = ORIENTED_EDGE ( 'NONE', *, *, #1692, .F. ) ;
#894 = DIRECTION ( 'NONE',  ( -1.000000000000000000, -2.522956547627780710E-19, -0.000000000000000000 ) ) ;
#895 = CARTESIAN_POINT ( 'NONE',  ( -8.570335710299064047, -3.000000000000002220, 0.000000000000000000 ) ) ;
#896 = EDGE_LOOP ( 'NONE', ( #1443, #2783, #1889, #1671, #1724 ) ) ;
#897 = EDGE_CURVE ( 'NONE', #1917, #2284, #1776, .T. ) ;
#898 = LINE ( 'NONE', #1333, #1026 ) ;
#899 = CARTESIAN_POINT ( 'NONE',  ( 0.3698513780746371937, -0.5000000000000000000, -2.783805222686511982 ) ) ;
#900 = EDGE_CURVE ( 'NONE', #621, #222, #1897, .T. ) ;
#901 = AXIS2_PLACEMENT_3D ( 'NONE', #2842, #857, #846 ) ;
#902 = EDGE_LOOP ( 'NONE', ( #1254, #25, #2747, #2660, #9 ) ) ;
#903 = CARTESIAN_POINT ( 'NONE',  ( 5.469149999999999956, 0.000000000000000000, 0.000000000000000000 ) ) ;
#904 = CONICAL_SURFACE ( 'NONE', #2135, 3.000000000000000000, 1.047197551196597187 ) ;
#905 = DIRECTION ( 'NONE',  ( 0.000000000000000000, 0.000000000000000000, 1.000000000000000000 ) ) ;
#906 = AXIS2_PLACEMENT_3D ( 'NONE', #1875, #48, #732 ) ;
#907 = ORIENTED_EDGE ( 'NONE', *, *, #662, .T. ) ;
#908 = CARTESIAN_POINT ( 'NONE',  ( 7.418549999999999756, 0.000000000000000000, 0.000000000000000000 ) ) ;
#909 = CARTESIAN_POINT ( 'NONE',  ( 7.883166363935080412, -7.306126652144666943E-16, 0.000000000000000000 ) ) ;
#910 = DIRECTION ( 'NONE',  ( 0.000000000000000000, 0.000000000000000000, -1.000000000000000000 ) ) ;
#911 = ORIENTED_EDGE ( 'NONE', *, *, #1045, .T. ) ;
#912 = LINE ( 'NONE', #1617, #922 ) ;
#913 = DIRECTION ( 'NONE',  ( 0.4999999999999995004, 0.000000000000000000, -0.8660254037844389297 ) ) ;
#914 = CONICAL_SURFACE ( 'NONE', #1388, 2.531047243850726769, 1.047197551196598297 ) ;
#915 = EDGE_LOOP ( 'NONE', ( #2157, #2870, #2117, #1916, #2300 ) ) ;
#916 = EDGE_CURVE ( 'NONE', #2580, #673, #1334, .T. ) ;
#917 = DIRECTION ( 'NONE',  ( -1.000000000000000000, -2.522956547627780710E-19, -0.000000000000000000 ) ) ;
#918 = EDGE_CURVE ( 'NONE', #1477, #40, #433, .T. ) ;
#919 = LINE ( 'NONE', #1676, #1603 ) ;
#920 = DIRECTION ( 'NONE',  ( -1.000000000000000000, -2.522956547627780710E-19, -0.000000000000000000 ) ) ;
#921 = ORIENTED_EDGE ( 'NONE', *, *, #606, .F. ) ;
#922 = VECTOR ( 'NONE', #667, 1000.000000000000000 ) ;
#923 = LINE ( 'NONE', #2095, #807 ) ;
#924 = CARTESIAN_POINT ( 'NONE',  ( 0.9205500000000000904, -0.5000000000000000000, -2.958039891549808509 ) ) ;
#925 = CARTESIAN_POINT ( 'NONE',  ( 2.761649999999999938, 3.000000000000000444, 3.673940397442061347E-16 ) ) ;
#926 = ORIENTED_EDGE ( 'NONE', *, *, #1985, .T. ) ;
#927 = ORIENTED_EDGE ( 'NONE', *, *, #1752, .T. ) ;
#928 = B_SPLINE_CURVE_WITH_KNOTS ( 'NONE', 3,
 ( #1669, #714, #1655, #2557 ),
 .UNSPECIFIED., .F., .F.,
 ( 4, 4 ),
 ( 0.004320182186703441438, 0.004642303113391752986 ),
 .UNSPECIFIED. ) ;
#929 = DIRECTION ( 'NONE',  ( -1.000000000000000000, -0.000000000000000000, -0.000000000000000000 ) ) ;
#930 = CARTESIAN_POINT ( 'NONE',  ( 4.169550000000000090, 0.000000000000000000, 3.000000000000000000 ) ) ;
#931 = ORIENTED_EDGE ( 'NONE', *, *, #2856, .T. ) ;
#932 = CARTESIAN_POINT ( 'NONE',  ( 8.750000000000000000, -2.000000000000001776, 0.000000000000000000 ) ) ;
#933 = VECTOR ( 'NONE', #650, 1000.000000000000000 ) ;
#934 = CARTESIAN_POINT ( 'NONE',  ( 1.893987003628535559, -0.5000000000000000000, 2.574613551787392041 ) ) ;
#935 = ORIENTED_EDGE ( 'NONE', *, *, #276, .F. ) ;
#936 = FACE_OUTER_BOUND ( 'NONE', #2809, .T. ) ;
#937 = VECTOR ( 'NONE', #310, 1000.000000000000000 ) ;
#938 = ORIENTED_EDGE ( 'NONE', *, *, #1915, .T. ) ;
#939 = CARTESIAN_POINT ( 'NONE',  ( 0.5415000000000003144, 0.5000000000000000000, 2.481169109634480563 ) ) ;
#940 = DIRECTION ( 'NONE',  ( 0.000000000000000000, 0.000000000000000000, -1.000000000000000000 ) ) ;
#941 = CARTESIAN_POINT ( 'NONE',  ( -8.570335710299064047, 2.000000000000000000, 2.449293598294707893E-16 ) ) ;
#942 = VERTEX_POINT ( 'NONE', #733 ) ;
#943 = ORIENTED_EDGE ( 'NONE', *, *, #2168, .T. ) ;
#944 = DIRECTION ( 'NONE',  ( -1.000000000000000000, -0.000000000000000000, -0.000000000000000000 ) ) ;
#945 = DIRECTION ( 'NONE',  ( -1.000000000000000000, -0.000000000000000000, -0.000000000000000000 ) ) ;
#946 = VERTEX_POINT ( 'NONE', #2085 ) ;
#947 = CARTESIAN_POINT ( 'NONE',  ( 1.281334957384166584, 0.5000000000000000000, 2.640249144232719392 ) ) ;
#948 = AXIS2_PLACEMENT_3D ( 'NONE', #1247, #2375, #614 ) ;
#949 = EDGE_CURVE ( 'NONE', #2848, #1924, #1005, .T. ) ;
#950 = VERTEX_POINT ( 'NONE', #1866 ) ;
#951 = CARTESIAN_POINT ( 'NONE',  ( 0.9205500000000000904, 0.000000000000000000, 0.000000000000000000 ) ) ;
#952 = AXIS2_PLACEMENT_3D ( 'NONE', #1613, #2509, #113 ) ;
#953 = EDGE_CURVE ( 'NONE', #2334, #1973, #2654, .T. ) ;
#954 = CARTESIAN_POINT ( 'NONE',  ( -8.570335710299064047, -3.000000000000002220, 0.000000000000000000 ) ) ;
#955 = AXIS2_PLACEMENT_3D ( 'NONE', #2663, #1549, #2442 ) ;
#956 = FACE_OUTER_BOUND ( 'NONE', #1228, .T. ) ;
#957 = AXIS2_PLACEMENT_3D ( 'NONE', #2102, #83, #2068 ) ;
#958 = ADVANCED_FACE ( 'NONE', ( #2296 ), #2343, .T. ) ;
#959 = ORIENTED_EDGE ( 'NONE', *, *, #2109, .T. ) ;
#960 = EDGE_CURVE ( 'NONE', #157, #64, #2546, .T. ) ;
#961 = ORIENTED_EDGE ( 'NONE', *, *, #50, .F. ) ;
#962 = AXIS2_PLACEMENT_3D ( 'NONE', #2776, #1614, #769 ) ;
#963 = CARTESIAN_POINT ( 'NONE',  ( 0.6315349573841660957, -0.5000000000000000000, -2.640249144232718503 ) ) ;
#964 = CARTESIAN_POINT ( 'NONE',  ( 1.010981871244877706, 0.5000000000000000000, 2.799185446009261558 ) ) ;
#965 = VERTEX_POINT ( 'NONE', #1182 ) ;
#966 = CARTESIAN_POINT ( 'NONE',  ( 1.191300000000000248, 0.5000000000000000000, -2.481169109634480563 ) ) ;
#967 = VECTOR ( 'NONE', #439, 1000.000000000000000 ) ;
#968 = EDGE_CURVE ( 'NONE', #1532, #2347, #2029, .T. ) ;
#969 = EDGE_LOOP ( 'NONE', ( #1357, #2829, #1009, #687, #888 ) ) ;
#970 = CARTESIAN_POINT ( 'NONE',  ( -8.570335710299064047, -0.5000000000000000000, 2.958039891549809841 ) ) ;
#971 = ADVANCED_FACE ( 'NONE', ( #2326 ), #1372, .T. ) ;
#972 = DIRECTION ( 'NONE',  ( 0.000000000000000000, 0.000000000000000000, 1.000000000000000000 ) ) ;
#973 = CARTESIAN_POINT ( 'NONE',  ( 3.140700000000000269, 0.000000000000000000, 2.531047243850726769 ) ) ;
#974 = EDGE_CURVE ( 'NONE', #2334, #2619, #2116, .T. ) ;
#975 = ADVANCED_FACE ( 'NONE', ( #1166 ), #2732, .F. ) ;
#976 = ORIENTED_EDGE ( 'NONE', *, *, #2831, .T. ) ;
#977 = ORIENTED_EDGE ( 'NONE', *, *, #2233, .T. ) ;
#978 = DIRECTION ( 'NONE',  ( -1.000000000000000000, -0.000000000000000000, -0.000000000000000000 ) ) ;
#979 = CARTESIAN_POINT ( 'NONE',  ( 1.191300000000000248, 0.5000000000000000000, 2.481169109634480563 ) ) ;
#980 = B_SPLINE_CURVE_WITH_KNOTS ( 'NONE', 3,
 ( #534, #747, #1888, #1390 ),
 .UNSPECIFIED., .F., .F.,
 ( 4, 4 ),
 ( 0.000000000000000000, 0.0005279037939233243576 ),
 .UNSPECIFIED. ) ;
#981 = ORIENTED_EDGE ( 'NONE', *, *, #2274, .T. ) ;
#982 = LINE ( 'NONE', #810, #1533 ) ;
#983 = ORIENTED_EDGE ( 'NONE', *, *, #709, .T. ) ;
#984 = APPROVAL ( #336, '未指定' ) ;
#985 = CARTESIAN_POINT ( 'NONE',  ( 2.000000000000000444, 0.000000000000000000, 0.000000000000000000 ) ) ;
#986 = AXIS2_PLACEMENT_3D ( 'NONE', #332, #1233, #2130 ) ;
#987 = DIRECTION ( 'NONE',  ( 3.089730660440218311E-35, -1.224646799147353207E-16, 1.000000000000000000 ) ) ;
#988 = AXIS2_PLACEMENT_3D ( 'NONE', #2012, #1766, #2705 ) ;
#989 = EDGE_LOOP ( 'NONE', ( #2816, #101, #551, #735, #2862, #2216 ) ) ;
#990 = VERTEX_POINT ( 'NONE', #1201 ) ;
#991 = CARTESIAN_POINT ( 'NONE',  ( 0.5415000000000003144, -0.5000000000000000000, -2.481169109634480563 ) ) ;
#992 = LINE ( 'NONE', #776, #2841 ) ;
#993 = EDGE_CURVE ( 'NONE', #138, #2077, #980, .T. ) ;
#994 = ADVANCED_FACE ( 'NONE', ( #524 ), #1001, .T. ) ;
#995 = ORIENTED_EDGE ( 'NONE', *, *, #1915, .F. ) ;
#996 = CARTESIAN_POINT ( 'NONE',  ( 1.191300000000000248, -0.5000000000000000000, -2.481169109634480563 ) ) ;
#997 = DIRECTION ( 'NONE',  ( -1.000000000000000000, -0.000000000000000000, -0.000000000000000000 ) ) ;
#998 = ORIENTED_EDGE ( 'NONE', *, *, #2542, .T. ) ;
#999 = CARTESIAN_POINT ( 'NONE',  ( 4.819350000000000023, 0.000000000000000000, 0.000000000000000000 ) ) ;
#1000 = LOCAL_TIME ( 23, 2, 37.00000000000000000, #146 ) ;
#1001 = CONICAL_SURFACE ( 'NONE', #814, 3.000000000000000000, 1.047197551196597187 ) ;
#1002 = DIRECTION ( 'NONE',  ( -1.000000000000000000, -0.000000000000000000, -0.000000000000000000 ) ) ;
#1003 = DIRECTION ( 'NONE',  ( 2.522956547627780710E-19, -1.000000000000000000, 0.000000000000000000 ) ) ;
#1004 = ORIENTED_EDGE ( 'NONE', *, *, #1632, .T. ) ;
#1005 = CIRCLE ( 'NONE', #727, 3.000000000000000000 ) ;
#1006 = ORIENTED_EDGE ( 'NONE', *, *, #2551, .T. ) ;
#1007 = LINE ( 'NONE', #1847, #2614 ) ;
#1008 = AXIS2_PLACEMENT_3D ( 'NONE', #2880, #144, #1042 ) ;
#1009 = ORIENTED_EDGE ( 'NONE', *, *, #1263, .T. ) ;
#1010 = CONICAL_SURFACE ( 'NONE', #1625, 2.531047243850726769, 1.047197551196598297 ) ;
#1011 = CARTESIAN_POINT ( 'NONE',  ( 12.00000000000000000, -7.295740059767062480E-16, 0.000000000000000000 ) ) ;
#1012 = DIRECTION ( 'NONE',  ( 0.4999999999999995004, 0.000000000000000000, -0.8660254037844389297 ) ) ;
#1013 = EDGE_CURVE ( 'NONE', #1311, #114, #761, .T. ) ;
#1014 = EDGE_CURVE ( 'NONE', #1022, #40, #992, .T. ) ;
#1015 = AXIS2_PLACEMENT_3D ( 'NONE', #2805, #1032, #2351 ) ;
#1016 = DIRECTION ( 'NONE',  ( -1.000000000000000000, -2.522956547627780710E-19, -0.000000000000000000 ) ) ;
#1017 = ORIENTED_EDGE ( 'NONE', *, *, #577, .T. ) ;
#1018 = DIRECTION ( 'NONE',  ( 0.000000000000000000, -1.000000000000000000, 0.000000000000000000 ) ) ;
#1019 = AXIS2_PLACEMENT_3D ( 'NONE', #54, #484, #2491 ) ;
#1020 = CARTESIAN_POINT ( 'NONE',  ( 2.490900000000000336, 0.000000000000000000, 0.000000000000000000 ) ) ;
#1021 = ORIENTED_EDGE ( 'NONE', *, *, #2852, .T. ) ;
#1022 = VERTEX_POINT ( 'NONE', #2053 ) ;
#1023 = FACE_OUTER_BOUND ( 'NONE', #1215, .T. ) ;
#1024 = ORIENTED_EDGE ( 'NONE', *, *, #1803, .F. ) ;
#1025 = PRODUCT_RELATED_PRODUCT_CATEGORY ( 'detail', '', ( #2265 ) ) ;
#1026 = VECTOR ( 'NONE', #1801, 1000.000000000000000 ) ;
#1027 = CARTESIAN_POINT ( 'NONE',  ( -8.570335710299064047, -3.000000000000002220, 0.000000000000000000 ) ) ;
#1028 = DIRECTION ( 'NONE',  ( 0.000000000000000000, 0.000000000000000000, 1.000000000000000000 ) ) ;
#1029 = DIRECTION ( 'NONE',  ( -0.5000000000000004441, 0.000000000000000000, 0.8660254037844383745 ) ) ;
#1030 = ORIENTED_EDGE ( 'NONE', *, *, #148, .F. ) ;
#1031 = CARTESIAN_POINT ( 'NONE',  ( 0.000000000000000000, 0.000000000000000000, 0.000000000000000000 ) ) ;
#1032 = DIRECTION ( 'NONE',  ( -1.000000000000000000, -2.522956547627780710E-19, -0.000000000000000000 ) ) ;
#1033 = EDGE_LOOP ( 'NONE', ( #652, #298, #51, #494 ) ) ;
#1034 = CIRCLE ( 'NONE', #1879, 2.866833636064924917 ) ;
#1035 = ORIENTED_EDGE ( 'NONE', *, *, #470, .F. ) ;
#1036 = CARTESIAN_POINT ( 'NONE',  ( 8.832842712474617386, 2.200000000000000178, 2.694222958124178486E-16 ) ) ;
#1037 = AXIS2_PLACEMENT_3D ( 'NONE', #280, #2078, #2320 ) ;
#1038 = ORIENTED_EDGE ( 'NONE', *, *, #1191, .T. ) ;
#1039 = CARTESIAN_POINT ( 'NONE',  ( 6.389699999999999491, 0.000000000000000000, 0.000000000000000000 ) ) ;
#1040 = DIRECTION ( 'NONE',  ( 0.000000000000000000, 0.000000000000000000, 1.000000000000000000 ) ) ;
#1041 = VERTEX_POINT ( 'NONE', #930 ) ;
#1042 = DIRECTION ( 'NONE',  ( 0.000000000000000000, -1.000000000000000000, 0.000000000000000000 ) ) ;
#1043 = ORIENTED_EDGE ( 'NONE', *, *, #2860, .F. ) ;
#1044 = PERSON_AND_ORGANIZATION_ROLE ( 'classification_officer' ) ;
#1045 = EDGE_CURVE ( 'NONE', #2808, #2302, #2418, .T. ) ;
#1046 = CARTESIAN_POINT ( 'NONE',  ( 2.111850000000000005, -3.000000000000000444, 0.000000000000000000 ) ) ;
#1047 = SECURITY_CLASSIFICATION ( '', '', #618 ) ;
#1048 = AXIS2_PLACEMENT_3D ( 'NONE', #271, #2070, #1421 ) ;
#1049 = ORIENTED_EDGE ( 'NONE', *, *, #1052, .F. ) ;
#1050 = ORIENTED_EDGE ( 'NONE', *, *, #2670, .T. ) ;
#1051 = CARTESIAN_POINT ( 'NONE',  ( 4.819350000000000023, 3.000000000000000000, 3.673940397442061347E-16 ) ) ;
#1052 = EDGE_CURVE ( 'NONE', #536, #1707, #2463, .T. ) ;
#1053 = ORIENTED_EDGE ( 'NONE', *, *, #2735, .T. ) ;
#1054 = AXIS2_PLACEMENT_3D ( 'NONE', #2828, #811, #1278 ) ;
#1055 = CARTESIAN_POINT ( 'NONE',  ( 0.6315341274890395873, -0.5000000000000000000, 2.640247677916198299 ) ) ;
#1056 = CARTESIAN_POINT ( 'NONE',  ( 4.440300000000000580, 0.000000000000000000, 0.000000000000000000 ) ) ;
#1057 = AXIS2_PLACEMENT_3D ( 'NONE', #465, #432, #212 ) ;
#1058 = AXIS2_PLACEMENT_3D ( 'NONE', #1036, #1950, #2140 ) ;
#1059 = ORIENTED_EDGE ( 'NONE', *, *, #150, .T. ) ;
#1060 = DIRECTION ( 'NONE',  ( 1.000000000000000000, 0.000000000000000000, 0.000000000000000000 ) ) ;
#1061 = ORIENTED_EDGE ( 'NONE', *, *, #2689, .F. ) ;
#1062 = CALENDAR_DATE ( 2026, 10, 5 ) ;
#1063 = LINE ( 'NONE', #2883, #1298 ) ;
#1064 = CIRCLE ( 'NONE', #869, 3.000000000000000444 ) ;
#1065 = ORIENTED_EDGE ( 'NONE', *, *, #2242, .T. ) ;
#1066 = ADVANCED_FACE ( 'NONE', ( #1636 ), #294, .T. ) ;
#1067 = DIRECTION ( 'NONE',  ( 1.000000000000000000, 2.522956547627780710E-19, 0.000000000000000000 ) ) ;
#1068 = DIRECTION ( 'NONE',  ( 0.000000000000000000, -1.000000000000000000, 0.000000000000000000 ) ) ;
#1069 = EDGE_CURVE ( 'NONE', #1747, #2591, #2652, .T. ) ;
#1070 = ORIENTED_EDGE ( 'NONE', *, *, #968, .T. ) ;
#1071 = CARTESIAN_POINT ( 'NONE',  ( 0.5415000000000003144, -0.5000000000000000000, 2.481169109634480563 ) ) ;
#1072 = CARTESIAN_POINT ( 'NONE',  ( 0.5415000000000003144, -0.5000000000000000000, 2.481169109634480563 ) ) ;
#1073 = ORIENTED_EDGE ( 'NONE', *, *, #900, .F. ) ;
#1074 = AXIS2_PLACEMENT_3D ( 'NONE', #2485, #252, #1358 ) ;
#1075 = CARTESIAN_POINT ( 'NONE',  ( 7.418549999999999756, 0.000000000000000000, 0.000000000000000000 ) ) ;
#1076 = SHAPE_DEFINITION_REPRESENTATION ( #1813, #789 ) ;
#1077 = LINE ( 'NONE', #1781, #1585 ) ;
#1078 = ORIENTED_EDGE ( 'NONE', *, *, #2616, .T. ) ;
#1079 = CARTESIAN_POINT ( 'NONE',  ( 8.691421356237309936, 2.058578643762690508, 2.521031746877079779E-16 ) ) ;
#1080 = DIRECTION ( 'NONE',  ( -1.000000000000000000, -0.000000000000000000, -0.000000000000000000 ) ) ;
#1081 = CIRCLE ( 'NONE', #2406, 2.458500000000000796 ) ;
#1082 = ORIENTED_EDGE ( 'NONE', *, *, #1630, .T. ) ;
#1083 = FACE_OUTER_BOUND ( 'NONE', #2844, .T. ) ;
#1084 = CARTESIAN_POINT ( 'NONE',  ( 7.039499999999999424, 0.000000000000000000, -2.531047243850726769 ) ) ;
#1085 = CONICAL_SURFACE ( 'NONE', #1930, 2.531047243850726769, 1.047197551196598297 ) ;
#1086 = AXIS2_PLACEMENT_3D ( 'NONE', #1375, #2266, #5 ) ;
#1087 = ORIENTED_EDGE ( 'NONE', *, *, #2670, .F. ) ;
#1088 = DIRECTION ( 'NONE',  ( 0.4999999999999995004, 0.000000000000000000, -0.8660254037844389297 ) ) ;
#1089 = APPROVAL_DATE_TIME ( #645, #775 ) ;
#1090 = CARTESIAN_POINT ( 'NONE',  ( -8.570335710299064047, -7.347638122934263549E-16, 0.000000000000000000 ) ) ;
#1091 = CARTESIAN_POINT ( 'NONE',  ( 3.411449999999999871, 3.673940397442060361E-16, 3.000000000000000444 ) ) ;
#1092 = CARTESIAN_POINT ( 'NONE',  ( -8.570335710299064047, -7.347638122934263549E-16, 0.000000000000000000 ) ) ;
#1093 = VERTEX_POINT ( 'NONE', #550 ) ;
#1094 = DIRECTION ( 'NONE',  ( 1.000000000000000000, 0.000000000000000000, 0.000000000000000000 ) ) ;
#1095 = DIRECTION ( 'NONE',  ( -1.000000000000000000, -2.522956547627780710E-19, -0.000000000000000000 ) ) ;
#1096 = ORIENTED_EDGE ( 'NONE', *, *, #2536, .T. ) ;
#1097 = CYLINDRICAL_SURFACE ( 'NONE', #1226, 3.000000000000001332 ) ;
#1098 = PERSON_AND_ORGANIZATION ( #1771, #2559 ) ;
#1099 = CIRCLE ( 'NONE', #679, 3.000000000000000444 ) ;
#1100 = EDGE_CURVE ( 'NONE', #1973, #2529, #1373, .T. ) ;
#1101 = EDGE_CURVE ( 'NONE', #766, #1108, #266, .T. ) ;
#1102 = EDGE_CURVE ( 'NONE', #92, #2386, #2824, .T. ) ;
#1103 = AXIS2_PLACEMENT_3D ( 'NONE', #1092, #2712, #698 ) ;
#1104 = DIRECTION ( 'NONE',  ( 0.4999999999999995004, 1.060575238724907285E-16, 0.8660254037844389297 ) ) ;
#1105 = LINE ( 'NONE', #2673, #933 ) ;
#1106 = FACE_OUTER_BOUND ( 'NONE', #374, .T. ) ;
#1107 = AXIS2_PLACEMENT_3D ( 'NONE', #1396, #1595, #469 ) ;
#1108 = VERTEX_POINT ( 'NONE', #1483 ) ;
#1109 = AXIS2_PLACEMENT_3D ( 'NONE', #951, #2709, #243 ) ;
#1110 = CARTESIAN_POINT ( 'NONE',  ( 7.883166363935080412, 0.000000000000000000, -2.866833636064926250 ) ) ;
#1111 = CARTESIAN_POINT ( 'NONE',  ( -8.570335710299064047, 3.000000000000000444, 3.673940397442061347E-16 ) ) ;
#1112 = B_SPLINE_CURVE_WITH_KNOTS ( 'NONE', 3,
 ( #517, #2063, #1354, #2256 ),
 .UNSPECIFIED., .F., .F.,
 ( 4, 4 ),
 ( 0.000000000000000000, 0.0005279037939233240323 ),
 .UNSPECIFIED. ) ;
#1113 = ORIENTED_EDGE ( 'NONE', *, *, #762, .F. ) ;
#1114 = CARTESIAN_POINT ( 'NONE',  ( 2.869950000000000223, 0.000000000000000000, 0.000000000000000000 ) ) ;
#1115 = B_SPLINE_CURVE_WITH_KNOTS ( 'NONE', 3,
 ( #2080, #2589, #2806, #788 ),
 .UNSPECIFIED., .F., .F.,
 ( 4, 4 ),
 ( 0.01018169967278266530, 0.01073247566019568111 ),
 .UNSPECIFIED. ) ;
#1116 = CARTESIAN_POINT ( 'NONE',  ( 3.519749999999999712, -3.000000000000000000, 0.000000000000000000 ) ) ;
#1117 = EDGE_CURVE ( 'NONE', #189, #1747, #1284, .T. ) ;
#1118 = CARTESIAN_POINT ( 'NONE',  ( 2.111850000000000005, 3.673940397442061347E-16, 3.000000000000000888 ) ) ;
#1119 = CARTESIAN_POINT ( 'NONE',  ( 0.5415000000000003144, -0.5000000000000000000, -2.481169109634480563 ) ) ;
#1120 = EDGE_CURVE ( 'NONE', #719, #699, #1941, .T. ) ;
#1121 = ORIENTED_EDGE ( 'NONE', *, *, #2240, .T. ) ;
#1122 = CARTESIAN_POINT ( 'NONE',  ( 7.310249999999999915, 0.000000000000000000, 0.000000000000000000 ) ) ;
#1123 = LINE ( 'NONE', #1084, #1713 ) ;
#1124 = ORIENTED_EDGE ( 'NONE', *, *, #1276, .T. ) ;
#1125 = CIRCLE ( 'NONE', #2725, 3.000000000000000000 ) ;
#1126 = FACE_OUTER_BOUND ( 'NONE', #2676, .T. ) ;
#1127 = CIRCLE ( 'NONE', #2215, 2.531047243850726769 ) ;
#1128 = DIRECTION ( 'NONE',  ( 0.000000000000000000, 0.000000000000000000, 1.000000000000000000 ) ) ;
#1129 = CARTESIAN_POINT ( 'NONE',  ( 4.819350000000000023, 3.673940397442059868E-16, -3.000000000000000000 ) ) ;
#1130 = FACE_OUTER_BOUND ( 'NONE', #121, .T. ) ;
#1131 = DIRECTION ( 'NONE',  ( -1.000000000000000000, -0.000000000000000000, -0.000000000000000000 ) ) ;
#1132 = ORIENTED_EDGE ( 'NONE', *, *, #2460, .F. ) ;
#1133 = EDGE_CURVE ( 'NONE', #942, #2154, #1424, .T. ) ;
#1134 = CARTESIAN_POINT ( 'NONE',  ( 2.490900000000000336, 0.000000000000000000, 0.000000000000000000 ) ) ;
#1135 = DIRECTION ( 'NONE',  ( -1.000000000000000000, -0.000000000000000000, -0.000000000000000000 ) ) ;
#1136 = VECTOR ( 'NONE', #2204, 1000.000000000000000 ) ;
#1137 = VERTEX_POINT ( 'NONE', #2648 ) ;
#1138 = DIRECTION ( 'NONE',  ( -1.000000000000000000, -0.000000000000000000, -0.000000000000000000 ) ) ;
#1139 = VECTOR ( 'NONE', #538, 1000.000000000000000 ) ;
#1140 = CIRCLE ( 'NONE', #1194, 2.531047243850726769 ) ;
#1141 = DIRECTION ( 'NONE',  ( 0.000000000000000000, 0.000000000000000000, 1.000000000000000000 ) ) ;
#1142 = DIRECTION ( 'NONE',  ( 0.000000000000000000, 0.000000000000000000, 1.000000000000000000 ) ) ;
#1143 = AXIS2_PLACEMENT_3D ( 'NONE', #1779, #2462, #1352 ) ;
#1144 = ORIENTED_EDGE ( 'NONE', *, *, #1632, .F. ) ;
#1145 = CARTESIAN_POINT ( 'NONE',  ( 4.819350000000000023, 0.000000000000000000, 0.000000000000000000 ) ) ;
#1146 = FACE_OUTER_BOUND ( 'NONE', #784, .T. ) ;
#1147 = DIRECTION ( 'NONE',  ( 1.000000000000000000, 0.000000000000000000, 0.000000000000000000 ) ) ;
#1148 = EDGE_LOOP ( 'NONE', ( #1472, #1170, #2922, #1059, #350, #616 ) ) ;
#1149 = DIRECTION ( 'NONE',  ( 0.000000000000000000, -1.000000000000000000, 0.000000000000000000 ) ) ;
#1150 = DIRECTION ( 'NONE',  ( 0.000000000000000000, -1.000000000000000000, 0.000000000000000000 ) ) ;
#1151 = CONICAL_SURFACE ( 'NONE', #2810, 3.000000000000000000, 1.047197551196597187 ) ;
#1152 = ORIENTED_EDGE ( 'NONE', *, *, #2331, .T. ) ;
#1153 = DIRECTION ( 'NONE',  ( -1.000000000000000000, -0.000000000000000000, -0.000000000000000000 ) ) ;
#1154 = CARTESIAN_POINT ( 'NONE',  ( 1.946961548805161035, -0.5000000000000000000, 2.668008666462922562 ) ) ;
#1155 = ORIENTED_EDGE ( 'NONE', *, *, #366, .F. ) ;
#1156 = DIRECTION ( 'NONE',  ( 0.000000000000000000, 0.000000000000000000, 1.000000000000000000 ) ) ;
#1157 = ORIENTED_EDGE ( 'NONE', *, *, #1571, .T. ) ;
#1158 = CIRCLE ( 'NONE', #130, 3.000000000000000444 ) ;
#1159 = DIRECTION ( 'NONE',  ( 0.000000000000000000, 0.000000000000000000, -1.000000000000000000 ) ) ;
#1160 = CARTESIAN_POINT ( 'NONE',  ( 1.101265872510960975, -0.5000000000000000000, -2.640247677916197855 ) ) ;
#1161 = DIRECTION ( 'NONE',  ( -1.000000000000000000, -0.000000000000000000, -0.000000000000000000 ) ) ;
#1162 = ORIENTED_EDGE ( 'NONE', *, *, #1402, .F. ) ;
#1163 = ORIENTED_EDGE ( 'NONE', *, *, #2036, .F. ) ;
#1164 = ADVANCED_FACE ( 'NONE', ( #822 ), #1748, .T. ) ;
#1165 = DIRECTION ( 'NONE',  ( -0.000000000000000000, -0.000000000000000000, 1.000000000000000000 ) ) ;
#1166 = FACE_OUTER_BOUND ( 'NONE', #2560, .T. ) ;
#1167 = EDGE_LOOP ( 'NONE', ( #1454, #1458, #2114, #1840 ) ) ;
#1168 = CARTESIAN_POINT ( 'NONE',  ( 0.4843756458130615838, 0.5000000000000000000, -2.582100397930489954 ) ) ;
#1169 = CIRCLE ( 'NONE', #2641, 3.000000000000000444 ) ;
#1170 = ORIENTED_EDGE ( 'NONE', *, *, #2706, .T. ) ;
#1171 = CARTESIAN_POINT ( 'NONE',  ( -8.570335710299064047, -7.347638122934263549E-16, 0.000000000000000000 ) ) ;
#1172 = EDGE_CURVE ( 'NONE', #285, #1242, #1762, .T. ) ;
#1173 = AXIS2_PLACEMENT_3D ( 'NONE', #1145, #2696, #1612 ) ;
#1174 = ADVANCED_FACE ( 'NONE', ( #1083 ), #1755, .T. ) ;
#1175 = ORIENTED_EDGE ( 'NONE', *, *, #1266, .F. ) ;
#1176 = CARTESIAN_POINT ( 'NONE',  ( 2.000000000000000444, -0.5000000000000000000, 2.761367771692233131 ) ) ;
#1177 = DIRECTION ( 'NONE',  ( 1.000000000000000000, 2.522956547627780710E-19, 0.000000000000000000 ) ) ;
#1178 = DIRECTION ( 'NONE',  ( -1.000000000000000000, -0.000000000000000000, -0.000000000000000000 ) ) ;
#1179 = ORIENTED_EDGE ( 'NONE', *, *, #1890, .F. ) ;
#1180 = VERTEX_POINT ( 'NONE', #2888 ) ;
#1181 = CARTESIAN_POINT ( 'NONE',  ( 2.000000000000000444, -0.5000000000000000000, -2.761367771692233131 ) ) ;
#1182 = CARTESIAN_POINT ( 'NONE',  ( 2.000000000000000444, 3.436689716539299739E-16, 2.806270117173422118 ) ) ;
#1183 = ADVANCED_FACE ( 'NONE', ( #416 ), #241, .T. ) ;
#1184 = EDGE_LOOP ( 'NONE', ( #1830, #1863, #1381, #763, #1370 ) ) ;
#1185 = CARTESIAN_POINT ( 'NONE',  ( -8.570335710299064047, -3.000000000000002220, 0.000000000000000000 ) ) ;
#1186 = AXIS2_PLACEMENT_3D ( 'NONE', #66, #945, #1848 ) ;
#1187 = EDGE_CURVE ( 'NONE', #1835, #1747, #1305, .T. ) ;
#1188 = VERTEX_POINT ( 'NONE', #1291 ) ;
#1189 = ADVANCED_FACE ( 'NONE', ( #2662 ), #625, .T. ) ;
#1190 = EDGE_CURVE ( 'NONE', #2355, #1433, #2661, .T. ) ;
#1191 = EDGE_CURVE ( 'NONE', #513, #114, #1894, .T. ) ;
#1192 = VECTOR ( 'NONE', #603, 1000.000000000000000 ) ;
#1193 = CARTESIAN_POINT ( 'NONE',  ( 7.883166363935080412, 2.866833636064923141, 3.510858636094877571E-16 ) ) ;
#1194 = AXIS2_PLACEMENT_3D ( 'NONE', #378, #847, #1234 ) ;
#1195 = CARTESIAN_POINT ( 'NONE',  ( 1.946961825918359201, 0.5000000000000000000, 2.668009154241876679 ) ) ;
#1196 = CONICAL_SURFACE ( 'NONE', #2043, 3.000000000000000000, 1.047197551196597187 ) ;
#1197 = VERTEX_POINT ( 'NONE', #155 ) ;
#1198 = ORIENTED_EDGE ( 'NONE', *, *, #799, .T. ) ;
#1199 = CIRCLE ( 'NONE', #1296, 3.000000000000000444 ) ;
#1200 = CARTESIAN_POINT ( 'NONE',  ( 2.111850000000000005, 0.000000000000000000, 0.000000000000000000 ) ) ;
#1201 = CARTESIAN_POINT ( 'NONE',  ( 6.768749999999999822, 3.673940397442059868E-16, -3.000000000000000000 ) ) ;
#1202 = CLOSED_SHELL ( 'NONE', ( #1700, #2315, #1753, #2459, #2327, #1409, #2015, #473, #2800, #671, #2478, #1701, #56, #39, #346, #2756, #1593, #2801, #1717, #367, #958, #171, #2671, #543, #2719, #1393, #1837, #1522, #1322, #1861, #448, #2744, #2238, #188, #438, #435, #2492, #1476, #2839, #971, #850, #2785, #619, #994, #1231, #1651, #707, #2222, #80, #1839, #1366, #2746, #2834, #95, #2524, #1183, #2318, #1719, #1516, #1734, #880, #1189, #1174, #1425, #975, #1712, #1952, #1411, #312, #359, #437, #2371, #365, #362, #2672, #214, #384, #457, #1340, #17, #1066, #1209, #1737, #2552, #55, #347, #1164, #1951, #1799 ) ) ;
#1203 = VERTEX_POINT ( 'NONE', #2636 ) ;
#1204 = CARTESIAN_POINT ( 'NONE',  ( 0.5415000000000003144, -0.5000000000000000000, -2.481169109634480563 ) ) ;
#1205 = CIRCLE ( 'NONE', #500, 2.531047243850726769 ) ;
#1206 = AXIS2_PLACEMENT_3D ( 'NONE', #723, #892, #1623 ) ;
#1207 = ORIENTED_EDGE ( 'NONE', *, *, #2350, .T. ) ;
#1208 = DIRECTION ( 'NONE',  ( -0.5000000000000004441, 0.000000000000000000, 0.8660254037844383745 ) ) ;
#1209 = ADVANCED_FACE ( 'NONE', ( #2441 ), #2058, .T. ) ;
#1210 = DIRECTION ( 'NONE',  ( -2.522956547628765341E-19, 1.000000000000000000, 0.000000000000000000 ) ) ;
#1211 = CARTESIAN_POINT ( 'NONE',  ( -8.570335710299064047, -7.347638122934263549E-16, 0.000000000000000000 ) ) ;
#1212 = EDGE_CURVE ( 'NONE', #612, #2040, #1256, .T. ) ;
#1213 = EDGE_CURVE ( 'NONE', #521, #254, #198, .T. ) ;
#1214 = ORIENTED_EDGE ( 'NONE', *, *, #2874, .F. ) ;
#1215 = EDGE_LOOP ( 'NONE', ( #29, #1564, #1855, #1273, #1049, #2771 ) ) ;
#1216 = CYLINDRICAL_SURFACE ( 'NONE', #794, 3.000000000000001332 ) ;
#1217 = CARTESIAN_POINT ( 'NONE',  ( 6.768749999999999822, 0.000000000000000000, 0.000000000000000000 ) ) ;
#1218 = EDGE_LOOP ( 'NONE', ( #1729, #2066, #716, #1351, #1214 ) ) ;
#1219 = CARTESIAN_POINT ( 'NONE',  ( 2.111850000000000005, 3.000000000000000444, 3.673940397442061347E-16 ) ) ;
#1220 = CARTESIAN_POINT ( 'NONE',  ( 1.570350000000000135, -0.5000000000000000000, 2.958039891549808509 ) ) ;
#1221 = ORIENTED_EDGE ( 'NONE', *, *, #2547, .T. ) ;
#1222 = DIRECTION ( 'NONE',  ( 0.000000000000000000, 0.000000000000000000, 1.000000000000000000 ) ) ;
#1223 = DIRECTION ( 'NONE',  ( -0.000000000000000000, -0.000000000000000000, 1.000000000000000000 ) ) ;
#1224 = CIRCLE ( 'NONE', #986, 3.000000000000000444 ) ;
#1225 = CARTESIAN_POINT ( 'NONE',  ( 1.893987310280775826, 0.5000000000000000000, 2.574614093601931941 ) ) ;
#1226 = AXIS2_PLACEMENT_3D ( 'NONE', #703, #1606, #2503 ) ;
#1227 = VERTEX_POINT ( 'NONE', #2875 ) ;
#1228 = EDGE_LOOP ( 'NONE', ( #2791, #1270, #1804, #2778 ) ) ;
#1229 = CYLINDRICAL_SURFACE ( 'NONE', #1621, 3.000000000000001332 ) ;
#1230 = EDGE_CURVE ( 'NONE', #2383, #2231, #1920, .T. ) ;
#1231 = ADVANCED_FACE ( 'NONE', ( #1775 ), #371, .T. ) ;
#1232 = EDGE_LOOP ( 'NONE', ( #360, #1017, #779, #2384, #1619 ) ) ;
#1233 = DIRECTION ( 'NONE',  ( -1.000000000000000000, -0.000000000000000000, -0.000000000000000000 ) ) ;
#1234 = DIRECTION ( 'NONE',  ( 0.000000000000000000, 0.000000000000000000, 1.000000000000000000 ) ) ;
#1235 = CARTESIAN_POINT ( 'NONE',  ( 0.5415000000000003144, 0.000000000000000000, 0.000000000000000000 ) ) ;
#1236 = VERTEX_POINT ( 'NONE', #431 ) ;
#1237 = APPROVAL_ROLE ( '' ) ;
#1238 = CARTESIAN_POINT ( 'NONE',  ( 6.768749999999999822, 0.000000000000000000, 3.000000000000000000 ) ) ;
#1239 = PRODUCT_DEFINITION ( '未知', '', #240, #164 ) ;
#1240 = ORIENTED_EDGE ( 'NONE', *, *, #1445, .F. ) ;
#1241 = AXIS2_PLACEMENT_3D ( 'NONE', #1217, #253, #1437 ) ;
#1242 = VERTEX_POINT ( 'NONE', #1 ) ;
#1243 = FACE_OUTER_BOUND ( 'NONE', #710, .T. ) ;
#1244 = VERTEX_POINT ( 'NONE', #1815 ) ;
#1245 = CIRCLE ( 'NONE', #2382, 3.000000000000000000 ) ;
#1246 = CARTESIAN_POINT ( 'NONE',  ( 1.281334127489039298, 0.5000000000000000000, -2.640247677916198299 ) ) ;
#1247 = CARTESIAN_POINT ( 'NONE',  ( 4.711050000000000182, 0.000000000000000000, 0.000000000000000000 ) ) ;
#1248 = LINE ( 'NONE', #2651, #2089 ) ;
#1249 = VERTEX_POINT ( 'NONE', #1110 ) ;
#1250 = DIRECTION ( 'NONE',  ( -0.5000000000000004441, 0.000000000000000000, 0.8660254037844383745 ) ) ;
#1251 = EDGE_LOOP ( 'NONE', ( #1873, #2606, #1198, #2618, #959 ) ) ;
#1252 = ORIENTED_EDGE ( 'NONE', *, *, #2185, .T. ) ;
#1253 = CARTESIAN_POINT ( 'NONE',  ( 4.061249999999999361, 0.000000000000000000, 0.000000000000000000 ) ) ;
#1254 = ORIENTED_EDGE ( 'NONE', *, *, #2036, .T. ) ;
#1255 = EDGE_CURVE ( 'NONE', #1188, #965, #179, .T. ) ;
#1256 = CIRCLE ( 'NONE', #318, 2.531047243850726769 ) ;
#1257 = CARTESIAN_POINT ( 'NONE',  ( 0.7218181287551229675, -0.5000000000000000000, 2.799185446009262002 ) ) ;
#1258 = CARTESIAN_POINT ( 'NONE',  ( 2.220150000000000290, 3.673940397442059868E-16, -3.000000000000000000 ) ) ;
#1259 = EDGE_LOOP ( 'NONE', ( #2394, #1374, #335, #961 ) ) ;
#1260 = CARTESIAN_POINT ( 'NONE',  ( 2.220150000000000290, 0.000000000000000000, 0.000000000000000000 ) ) ;
#1261 = EDGE_LOOP ( 'NONE', ( #586, #927, #1053, #628, #1439 ) ) ;
#1262 = CALENDAR_DATE ( 2026, 10, 5 ) ;
#1263 = EDGE_CURVE ( 'NONE', #92, #463, #912, .T. ) ;
#1264 = APPLICATION_CONTEXT ( 'configuration controlled 3d designs of mechanical parts and assemblies' ) ;
#1265 = DIRECTION ( 'NONE',  ( 0.000000000000000000, 0.000000000000000000, 1.000000000000000000 ) ) ;
#1266 = EDGE_CURVE ( 'NONE', #1611, #1835, #1641, .T. ) ;
#1267 = EDGE_CURVE ( 'NONE', #612, #990, #1601, .T. ) ;
#1268 = CARTESIAN_POINT ( 'NONE',  ( 8.832842712474617386, -2.000000000000001776, 0.000000000000000000 ) ) ;
#1269 = AXIS2_PLACEMENT_3D ( 'NONE', #242, #553, #1141 ) ;
#1270 = ORIENTED_EDGE ( 'NONE', *, *, #166, .T. ) ;
#1271 = CARTESIAN_POINT ( 'NONE',  ( 3.790500000000000203, 0.000000000000000000, 0.000000000000000000 ) ) ;
#1272 = VECTOR ( 'NONE', #1223, 1000.000000000000000 ) ;
#1273 = ORIENTED_EDGE ( 'NONE', *, *, #2551, .F. ) ;
#1274 = DIRECTION ( 'NONE',  ( 0.000000000000000000, -1.000000000000000000, 0.000000000000000000 ) ) ;
#1275 = CARTESIAN_POINT ( 'NONE',  ( 0.9205500000000000904, 0.000000000000000000, 0.000000000000000000 ) ) ;
#1276 = EDGE_CURVE ( 'NONE', #2665, #463, #2439, .T. ) ;
#1277 = ORIENTED_EDGE ( 'NONE', *, *, #141, .F. ) ;
#1278 = DIRECTION ( 'NONE',  ( 0.000000000000000000, -1.000000000000000000, 0.000000000000000000 ) ) ;
#1279 = ORIENTED_EDGE ( 'NONE', *, *, #456, .F. ) ;
#1280 = EDGE_CURVE ( 'NONE', #2512, #1137, #2153, .T. ) ;
#1281 = DIRECTION ( 'NONE',  ( -1.000000000000000000, -0.000000000000000000, -0.000000000000000000 ) ) ;
#1282 = EDGE_CURVE ( 'NONE', #154, #744, #878, .T. ) ;
#1283 = CC_DESIGN_APPROVAL ( #2069, ( #1047 ) ) ;
#1284 = CIRCLE ( 'NONE', #1570, 3.000000000000000000 ) ;
#1285 = ORIENTED_EDGE ( 'NONE', *, *, #1488, .T. ) ;
#1286 = CARTESIAN_POINT ( 'NONE',  ( 6.660449999999999982, 0.000000000000000000, 0.000000000000000000 ) ) ;
#1287 = PLANE ( 'NONE',  #1806 ) ;
#1288 = VECTOR ( 'NONE', #720, 1000.000000000000000 ) ;
#1289 = ORIENTED_EDGE ( 'NONE', *, *, #1230, .F. ) ;
#1290 = AXIS2_PLACEMENT_3D ( 'NONE', #1075, #1923, #1295 ) ;
#1291 = CARTESIAN_POINT ( 'NONE',  ( 2.000000000000000444, 0.5000000000000000000, 2.761367771692233131 ) ) ;
#1292 = CARTESIAN_POINT ( 'NONE',  ( 1.191300000000000248, -0.5000000000000000000, 2.481169109634480563 ) ) ;
#1293 = CIRCLE ( 'NONE', #1432, 3.000000000000000444 ) ;
#1294 = EDGE_LOOP ( 'NONE', ( #2858, #2373, #2691, #2534, #1684, #2904 ) ) ;
#1295 = DIRECTION ( 'NONE',  ( 0.000000000000000000, 0.000000000000000000, 1.000000000000000000 ) ) ;
#1296 = AXIS2_PLACEMENT_3D ( 'NONE', #265, #1161, #2291 ) ;
#1297 = DIRECTION ( 'NONE',  ( 0.000000000000000000, 0.000000000000000000, 1.000000000000000000 ) ) ;
#1298 = VECTOR ( 'NONE', #1104, 1000.000000000000000 ) ;
#1299 = EDGE_LOOP ( 'NONE', ( #926, #2766 ) ) ;
#1300 = EDGE_LOOP ( 'NONE', ( #2405, #184, #1065, #2469, #1155, #2592 ) ) ;
#1301 = DIRECTION ( 'NONE',  ( -1.000000000000000000, -0.000000000000000000, -0.000000000000000000 ) ) ;
#1302 = DIRECTION ( 'NONE',  ( 0.000000000000000000, 0.000000000000000000, 1.000000000000000000 ) ) ;
#1303 = EDGE_CURVE ( 'NONE', #135, #2312, #898, .T. ) ;
#1304 = ORIENTED_EDGE ( 'NONE', *, *, #1487, .F. ) ;
#1305 = LINE ( 'NONE', #1534, #1663 ) ;
#1306 = CARTESIAN_POINT ( 'NONE',  ( 3.790500000000000203, 0.000000000000000000, -2.531047243850726769 ) ) ;
#1307 = ORIENTED_EDGE ( 'NONE', *, *, #2542, .F. ) ;
#1308 = CIRCLE ( 'NONE', #1074, 3.000000000000000000 ) ;
#1309 = DIRECTION ( 'NONE',  ( -1.000000000000000000, -2.522956547627780710E-19, -0.000000000000000000 ) ) ;
#1310 = FACE_OUTER_BOUND ( 'NONE', #1167, .T. ) ;
#1311 = VERTEX_POINT ( 'NONE', #15 ) ;
#1312 = DIRECTION ( 'NONE',  ( 2.522956547627780710E-19, -1.000000000000000000, 0.000000000000000000 ) ) ;
#1313 = DIRECTION ( 'NONE',  ( -1.000000000000000000, -0.000000000000000000, -0.000000000000000000 ) ) ;
#1314 = FACE_OUTER_BOUND ( 'NONE', #425, .T. ) ;
#1315 = VECTOR ( 'NONE', #1891, 1000.000000000000000 ) ;
#1316 = VERTEX_POINT ( 'NONE', #496 ) ;
#1317 = DIRECTION ( 'NONE',  ( 1.000000000000000000, 0.000000000000000000, 0.000000000000000000 ) ) ;
#1318 = EDGE_CURVE ( 'NONE', #965, #2237, #478, .T. ) ;
#1319 = FACE_OUTER_BOUND ( 'NONE', #297, .T. ) ;
#1320 = EDGE_CURVE ( 'NONE', #1316, #513, #1308, .T. ) ;
#1321 = CIRCLE ( 'NONE', #1974, 2.531047243850726769 ) ;
#1322 = ADVANCED_FACE ( 'NONE', ( #872 ), #2913, .T. ) ;
#1323 = AXIS2_PLACEMENT_3D ( 'NONE', #201, #1995, #1805 ) ;
#1324 = ORIENTED_EDGE ( 'NONE', *, *, #2241, .F. ) ;
#1325 = FACE_OUTER_BOUND ( 'NONE', #2626, .T. ) ;
#1326 = PERSON_AND_ORGANIZATION_ROLE ( 'design_supplier' ) ;
#1327 = CARTESIAN_POINT ( 'NONE',  ( 0.000000000000000000, -7.326015538338596896E-16, 0.000000000000000000 ) ) ;
#1328 = ORIENTED_EDGE ( 'NONE', *, *, #993, .T. ) ;
#1329 = DIRECTION ( 'NONE',  ( -1.000000000000000000, -0.000000000000000000, -0.000000000000000000 ) ) ;
#1330 = DIRECTION ( 'NONE',  ( 0.000000000000000000, 0.000000000000000000, 1.000000000000000000 ) ) ;
#1331 = CONICAL_SURFACE ( 'NONE', #2421, 2.458500000000000796, 0.7853981633974471688 ) ;
#1332 = ORIENTED_EDGE ( 'NONE', *, *, #1838, .T. ) ;
#1333 = CARTESIAN_POINT ( 'NONE',  ( -8.570335710299064047, 0.5000000000000000000, -2.958039891549809397 ) ) ;
#1334 = LINE ( 'NONE', #1111, #629 ) ;
#1335 = ORIENTED_EDGE ( 'NONE', *, *, #2764, .T. ) ;
#1336 = CONICAL_SURFACE ( 'NONE', #67, 2.531047243850726769, 1.047197551196598297 ) ;
#1337 = AXIS2_PLACEMENT_3D ( 'NONE', #2008, #2205, #187 ) ;
#1338 = CARTESIAN_POINT ( 'NONE',  ( 4.440300000000000580, 0.000000000000000000, 0.000000000000000000 ) ) ;
#1339 = CIRCLE ( 'NONE', #1536, 3.000000000000000444 ) ;
#1340 = ADVANCED_FACE ( 'NONE', ( #700 ), #2299, .T. ) ;
#1341 = EDGE_CURVE ( 'NONE', #1750, #1093, #552, .T. ) ;
#1342 = AXIS2_PLACEMENT_3D ( 'NONE', #2697, #28, #2910 ) ;
#1343 = CARTESIAN_POINT ( 'NONE',  ( 4.440300000000000580, 0.000000000000000000, -2.531047243850726769 ) ) ;
#1344 = ORIENTED_EDGE ( 'NONE', *, *, #2392, .F. ) ;
#1345 = DIRECTION ( 'NONE',  ( 0.000000000000000000, 0.000000000000000000, 1.000000000000000000 ) ) ;
#1346 = DIRECTION ( 'NONE',  ( -1.000000000000000000, -2.522956547627780710E-19, -0.000000000000000000 ) ) ;
#1347 = ORIENTED_EDGE ( 'NONE', *, *, #1320, .T. ) ;
#1348 = AXIS2_PLACEMENT_3D ( 'NONE', #261, #8, #516 ) ;
#1349 = DIRECTION ( 'NONE',  ( -1.000000000000000000, -2.522956547627780710E-19, -0.000000000000000000 ) ) ;
#1350 = CARTESIAN_POINT ( 'NONE',  ( -8.570335710299064047, -7.347638122934263549E-16, 0.000000000000000000 ) ) ;
#1351 = ORIENTED_EDGE ( 'NONE', *, *, #186, .F. ) ;
#1352 = DIRECTION ( 'NONE',  ( 0.000000000000000000, 0.000000000000000000, -1.000000000000000000 ) ) ;
#1353 = CARTESIAN_POINT ( 'NONE',  ( 4.169550000000000090, 3.673940397442059868E-16, -3.000000000000000000 ) ) ;
#1354 = CARTESIAN_POINT ( 'NONE',  ( 0.2464147722141747932, -0.5000000000000000000, 2.658393397374475775 ) ) ;
#1355 = DIRECTION ( 'NONE',  ( -1.000000000000000000, -2.522956547627780710E-19, -0.000000000000000000 ) ) ;
#1356 = DIRECTION ( 'NONE',  ( -0.5000000000000004441, 1.060575238724906545E-16, -0.8660254037844383745 ) ) ;
#1357 = ORIENTED_EDGE ( 'NONE', *, *, #2350, .F. ) ;
#1358 = DIRECTION ( 'NONE',  ( 0.000000000000000000, 0.000000000000000000, 1.000000000000000000 ) ) ;
#1359 = CARTESIAN_POINT ( 'NONE',  ( 0.2464147722141750152, 0.5000000000000000000, 2.658393397374475775 ) ) ;
#1360 = VERTEX_POINT ( 'NONE', #2731 ) ;
#1361 = AXIS2_PLACEMENT_3D ( 'NONE', #2374, #2736, #721 ) ;
#1362 = DIRECTION ( 'NONE',  ( -1.000000000000000000, -0.000000000000000000, -0.000000000000000000 ) ) ;
#1363 = CARTESIAN_POINT ( 'NONE',  ( -1.343327044240647687E-16, -7.326015538338596896E-16, 0.000000000000000000 ) ) ;
#1364 = DIRECTION ( 'NONE',  ( -1.000000000000000000, -0.000000000000000000, -0.000000000000000000 ) ) ;
#1365 = ORIENTED_EDGE ( 'NONE', *, *, #2109, .F. ) ;
#1366 = ADVANCED_FACE ( 'NONE', ( #717 ), #647, .T. ) ;
#1367 = DIRECTION ( 'NONE',  ( 0.000000000000000000, 0.000000000000000000, 1.000000000000000000 ) ) ;
#1368 = DIRECTION ( 'NONE',  ( 0.000000000000000000, 0.000000000000000000, 1.000000000000000000 ) ) ;
#1369 = DIRECTION ( 'NONE',  ( -1.000000000000000000, -0.000000000000000000, -0.000000000000000000 ) ) ;
#1370 = ORIENTED_EDGE ( 'NONE', *, *, #2098, .F. ) ;
#1371 = DIRECTION ( 'NONE',  ( 0.000000000000000000, 0.000000000000000000, 1.000000000000000000 ) ) ;
#1372 = CYLINDRICAL_SURFACE ( 'NONE', #205, 3.000000000000001332 ) ;
#1373 = CIRCLE ( 'NONE', #672, 3.000000000000000000 ) ;
#1374 = ORIENTED_EDGE ( 'NONE', *, *, #1803, .T. ) ;
#1375 = CARTESIAN_POINT ( 'NONE',  ( 3.519749999999999712, 0.000000000000000000, 0.000000000000000000 ) ) ;
#1376 = CIRCLE ( 'NONE', #345, 3.000000000000000444 ) ;
#1377 = CARTESIAN_POINT ( 'NONE',  ( -8.570335710299064047, -3.000000000000002220, 0.000000000000000000 ) ) ;
#1378 = ORIENTED_EDGE ( 'NONE', *, *, #2831, .F. ) ;
#1379 = DIRECTION ( 'NONE',  ( -1.000000000000000000, -0.000000000000000000, -0.000000000000000000 ) ) ;
#1380 = VECTOR ( 'NONE', #1309, 1000.000000000000000 ) ;
#1381 = ORIENTED_EDGE ( 'NONE', *, *, #2517, .T. ) ;
#1382 = AXIS2_PLACEMENT_3D ( 'NONE', #208, #1131, #2005 ) ;
#1383 = CARTESIAN_POINT ( 'NONE',  ( 3.790500000000000203, 0.000000000000000000, 0.000000000000000000 ) ) ;
#1384 = CARTESIAN_POINT ( 'NONE',  ( -8.570335710299064047, -3.000000000000002220, 0.000000000000000000 ) ) ;
#1385 = DIRECTION ( 'NONE',  ( 0.000000000000000000, -1.000000000000000000, -1.224646799147353207E-16 ) ) ;
#1386 = VERTEX_POINT ( 'NONE', #1787 ) ;
#1387 = VERTEX_POINT ( 'NONE', #2700 ) ;
#1388 = AXIS2_PLACEMENT_3D ( 'NONE', #2366, #1475, #2124 ) ;
#1389 = CARTESIAN_POINT ( 'NONE',  ( 0.9205500000000000904, 0.000000000000000000, 0.000000000000000000 ) ) ;
#1390 = CARTESIAN_POINT ( 'NONE',  ( 0.3698513780746375823, 0.5000000000000000000, -2.783805222686511538 ) ) ;
#1391 = CIRCLE ( 'NONE', #1109, 3.000000000000000000 ) ;
#1392 = VERTEX_POINT ( 'NONE', #685 ) ;
#1393 = ADVANCED_FACE ( 'NONE', ( #2262 ), #2675, .T. ) ;
#1394 = CARTESIAN_POINT ( 'NONE',  ( 1.751065872510961130, 0.5000000000000000000, 2.640247677916197855 ) ) ;
#1395 = ORIENTED_EDGE ( 'NONE', *, *, #2493, .T. ) ;
#1396 = CARTESIAN_POINT ( 'NONE',  ( 4.169550000000000090, 0.000000000000000000, 0.000000000000000000 ) ) ;
#1397 = ORIENTED_EDGE ( 'NONE', *, *, #750, .F. ) ;
#1398 = AXIS2_PLACEMENT_3D ( 'NONE', #1587, #2561, #1635 ) ;
#1399 = CARTESIAN_POINT ( 'NONE',  ( 5.360850000000000115, 3.673940397442061347E-16, 3.000000000000000888 ) ) ;
#1400 = PLANE ( 'NONE',  #168 ) ;
#1401 = LINE ( 'NONE', #1682, #1558 ) ;
#1402 = EDGE_CURVE ( 'NONE', #1227, #673, #1158, .T. ) ;
#1403 = ORIENTED_EDGE ( 'NONE', *, *, #802, .T. ) ;
#1404 = VERTEX_POINT ( 'NONE', #533 ) ;
#1405 = DIRECTION ( 'NONE',  ( 1.000000000000000000, 0.000000000000000000, 0.000000000000000000 ) ) ;
#1406 = CARTESIAN_POINT ( 'NONE',  ( 2.000000000000000444, 0.5000000000000000000, -3.000000000000001332 ) ) ;
#1407 = ORIENTED_EDGE ( 'NONE', *, *, #691, .T. ) ;
#1408 = EDGE_CURVE ( 'NONE', #1835, #1611, #1592, .T. ) ;
#1409 = ADVANCED_FACE ( 'NONE', ( #2769 ), #2349, .T. ) ;
#1410 = FACE_OUTER_BOUND ( 'NONE', #2555, .T. ) ;
#1411 = ADVANCED_FACE ( 'NONE', ( #1887 ), #1216, .T. ) ;
#1412 = VECTOR ( 'NONE', #36, 1000.000000000000000 ) ;
#1413 = ORIENTED_EDGE ( 'NONE', *, *, #1402, .T. ) ;
#1414 = DIRECTION ( 'NONE',  ( -1.000000000000000000, -2.522956547627780710E-19, -0.000000000000000000 ) ) ;
#1415 = AXIS2_PLACEMENT_3D ( 'NONE', #2741, #77, #2710 ) ;
#1416 = DIRECTION ( 'NONE',  ( -1.000000000000000000, -0.000000000000000000, -0.000000000000000000 ) ) ;
#1417 = DIRECTION ( 'NONE',  ( 1.000000000000000000, 2.522956547627780710E-19, 0.000000000000000000 ) ) ;
#1418 = EDGE_LOOP ( 'NONE', ( #1774, #1050, #2621, #2455, #2377 ) ) ;
#1419 = ORIENTED_EDGE ( 'NONE', *, *, #1045, .F. ) ;
#1420 = DIRECTION ( 'NONE',  ( 0.000000000000000000, 0.000000000000000000, 1.000000000000000000 ) ) ;
#1421 = DIRECTION ( 'NONE',  ( 0.000000000000000000, 0.000000000000000000, 1.000000000000000000 ) ) ;
#1422 = ORIENTED_EDGE ( 'NONE', *, *, #578, .T. ) ;
#1423 = LINE ( 'NONE', #2772, #2039 ) ;
#1424 = CIRCLE ( 'NONE', #1526, 2.531047243850726769 ) ;
#1425 = ADVANCED_FACE ( 'NONE', ( #2811 ), #774, .F. ) ;
#1426 = ORIENTED_EDGE ( 'NONE', *, *, #2852, .F. ) ;
#1427 = MECHANICAL_CONTEXT ( 'NONE', #2, 'mechanical' ) ;
#1428 = EDGE_CURVE ( 'NONE', #1765, #1486, #1610, .T. ) ;
#1429 = CONICAL_SURFACE ( 'NONE', #2041, 2.531047243850726769, 1.047197551196598297 ) ;
#1430 = CARTESIAN_POINT ( 'NONE',  ( 2.490900000000000336, 0.000000000000000000, 2.531047243850726769 ) ) ;
#1431 = CARTESIAN_POINT ( 'NONE',  ( 2.220150000000000290, 0.000000000000000000, 0.000000000000000000 ) ) ;
#1432 = AXIS2_PLACEMENT_3D ( 'NONE', #576, #2188, #1302 ) ;
#1433 = VERTEX_POINT ( 'NONE', #2545 ) ;
#1434 = ORIENTED_EDGE ( 'NONE', *, *, #2331, .F. ) ;
#1435 = VECTOR ( 'NONE', #1346, 1000.000000000000000 ) ;
#1436 = DIRECTION ( 'NONE',  ( -1.000000000000000000, -2.522956547627780710E-19, -0.000000000000000000 ) ) ;
#1437 = DIRECTION ( 'NONE',  ( 0.000000000000000000, 0.000000000000000000, 1.000000000000000000 ) ) ;
#1438 = CONICAL_SURFACE ( 'NONE', #2857, 2.531047243850726769, 1.047197551196598297 ) ;
#1439 = ORIENTED_EDGE ( 'NONE', *, *, #274, .F. ) ;
#1440 = CARTESIAN_POINT ( 'NONE',  ( 1.191300000000000248, 0.5000000000000000000, -2.481169109634480563 ) ) ;
#1441 = CARTESIAN_POINT ( 'NONE',  ( 7.039499999999999424, 3.386789651557291319E-16, -2.531047243850726769 ) ) ;
#1442 = AXIS2_PLACEMENT_3D ( 'NONE', #385, #163, #1754 ) ;
#1443 = ORIENTED_EDGE ( 'NONE', *, *, #1664, .T. ) ;
#1444 = DIRECTION ( 'NONE',  ( 0.000000000000000000, 0.000000000000000000, 1.000000000000000000 ) ) ;
#1445 = EDGE_CURVE ( 'NONE', #74, #1392, #1850, .T. ) ;
#1446 = CARTESIAN_POINT ( 'NONE',  ( 5.360850000000000115, 0.000000000000000000, 0.000000000000000000 ) ) ;
#1447 = DIRECTION ( 'NONE',  ( -1.000000000000000000, -2.522956547627780710E-19, -0.000000000000000000 ) ) ;
#1448 = EDGE_CURVE ( 'NONE', #238, #859, #1670, .T. ) ;
#1449 = AXIS2_PLACEMENT_3D ( 'NONE', #1573, #1349, #1149 ) ;
#1450 = ORIENTED_EDGE ( 'NONE', *, *, #1504, .T. ) ;
#1451 = VERTEX_POINT ( 'NONE', #2578 ) ;
#1452 = CARTESIAN_POINT ( 'NONE',  ( 8.691421356237309936, -2.058578643762692284, 0.000000000000000000 ) ) ;
#1453 = DIRECTION ( 'NONE',  ( 0.000000000000000000, 0.000000000000000000, 1.000000000000000000 ) ) ;
#1454 = ORIENTED_EDGE ( 'NONE', *, *, #2782, .T. ) ;
#1455 = CARTESIAN_POINT ( 'NONE',  ( 1.841100000000000181, 0.5000000000000000000, -2.481169109634480563 ) ) ;
#1456 = CARTESIAN_POINT ( 'NONE',  ( 1.462050000000000072, 0.5000000000000000000, 2.958039891549808953 ) ) ;
#1457 = CARTESIAN_POINT ( 'NONE',  ( -1.350895913883530798E-16, 3.000000000000000444, 0.000000000000000000 ) ) ;
#1458 = ORIENTED_EDGE ( 'NONE', *, *, #2057, .T. ) ;
#1459 = AXIS2_PLACEMENT_3D ( 'NONE', #2227, #1745, #1345 ) ;
#1460 = CARTESIAN_POINT ( 'NONE',  ( 11.80000000000000071, -7.296244651076588020E-16, 0.000000000000000000 ) ) ;
#1461 = AXIS2_PLACEMENT_3D ( 'NONE', #1582, #1416, #725 ) ;
#1462 = CARTESIAN_POINT ( 'NONE',  ( 12.00000000000000000, -1.800000000000001377, 0.000000000000000000 ) ) ;
#1463 = DIRECTION ( 'NONE',  ( -1.000000000000000000, -0.000000000000000000, -0.000000000000000000 ) ) ;
#1464 = ORIENTED_EDGE ( 'NONE', *, *, #1929, .T. ) ;
#1465 = DIRECTION ( 'NONE',  ( 0.000000000000000000, 0.000000000000000000, 1.000000000000000000 ) ) ;
#1466 = ORIENTED_EDGE ( 'NONE', *, *, #2590, .F. ) ;
#1467 = CARTESIAN_POINT ( 'NONE',  ( 1.841100000000000181, -0.5000000000000000000, 2.481169109634480563 ) ) ;
#1468 = CARTESIAN_POINT ( 'NONE',  ( 1.281334127489039298, -0.5000000000000000000, 2.640247677916198299 ) ) ;
#1469 = B_SPLINE_CURVE_WITH_KNOTS ( 'NONE', 3,
 ( #1834, #1154, #934, #1467 ),
 .UNSPECIFIED., .F., .F.,
 ( 4, 4 ),
 ( 0.004320182186703443172, 0.004642303113391753853 ),
 .UNSPECIFIED. ) ;
#1470 = LINE ( 'NONE', #2393, #112 ) ;
#1472 = ORIENTED_EDGE ( 'NONE', *, *, #1544, .F. ) ;
#1471 = AXIS2_PLACEMENT_3D ( 'NONE', #2038, #1135, #1992 ) ;
#1473 =( NAMED_UNIT ( * ) PLANE_ANGLE_UNIT ( ) SI_UNIT ( $, .RADIAN. ) );
#1474 = LOCAL_TIME ( 23, 2, 37.00000000000000000, #1492 ) ;
#1475 = DIRECTION ( 'NONE',  ( 1.000000000000000000, 0.000000000000000000, 0.000000000000000000 ) ) ;
#1476 = ADVANCED_FACE ( 'NONE', ( #549 ), #1229, .T. ) ;
#1477 = VERTEX_POINT ( 'NONE', #1452 ) ;
#1478 = VECTOR ( 'NONE', #94, 1000.000000000000000 ) ;
#1479 = VERTEX_POINT ( 'NONE', #107 ) ;
#1480 = CARTESIAN_POINT ( 'NONE',  ( 12.00000000000000000, -7.295740059767062480E-16, 0.000000000000000000 ) ) ;
#1481 = ORIENTED_EDGE ( 'NONE', *, *, #690, .F. ) ;
#1482 = AXIS2_PLACEMENT_3D ( 'NONE', #1431, #1178, #311 ) ;
#1483 = CARTESIAN_POINT ( 'NONE',  ( 0.5415000000000003144, -0.5000000000000000000, 2.481169109634480563 ) ) ;
#1484 = EDGE_CURVE ( 'NONE', #1392, #2368, #1007, .T. ) ;
#1485 = CARTESIAN_POINT ( 'NONE',  ( 8.832842712474617386, 2.000000000000000000, 2.449293598294707893E-16 ) ) ;
#1486 = VERTEX_POINT ( 'NONE', #2748 ) ;
#1487 = EDGE_CURVE ( 'NONE', #1665, #104, #2426, .T. ) ;
#1488 = EDGE_CURVE ( 'NONE', #2836, #2792, #2232, .T. ) ;
#1489 = CIRCLE ( 'NONE', #76, 3.000000000000000000 ) ;
#1490 = CARTESIAN_POINT ( 'NONE',  ( 0.5415000000000003144, 0.5000000000000000000, -2.481169109634480563 ) ) ;
#1491 = ORIENTED_EDGE ( 'NONE', *, *, #665, .F. ) ;
#1492 = COORDINATED_UNIVERSAL_TIME_OFFSET ( 8, 0, .AHEAD. ) ;
#1493 = CIRCLE ( 'NONE', #454, 3.000000000000000444 ) ;
#1494 = LINE ( 'NONE', #754, #937 ) ;
#1495 = FACE_OUTER_BOUND ( 'NONE', #173, .T. ) ;
#1496 = ORIENTED_EDGE ( 'NONE', *, *, #2319, .F. ) ;
#1497 = CYLINDRICAL_SURFACE ( 'NONE', #2333, 3.000000000000001332 ) ;
#1498 = EDGE_CURVE ( 'NONE', #673, #200, #69, .T. ) ;
#1499 = ORIENTED_EDGE ( 'NONE', *, *, #1341, .F. ) ;
#1500 = DIRECTION ( 'NONE',  ( -0.5000000000000004441, 1.060575238724906545E-16, -0.8660254037844383745 ) ) ;
#1501 = EDGE_CURVE ( 'NONE', #4, #666, #2470, .T. ) ;
#1502 = DIRECTION ( 'NONE',  ( 0.000000000000000000, 0.000000000000000000, 1.000000000000000000 ) ) ;
#1503 = ORIENTED_EDGE ( 'NONE', *, *, #428, .T. ) ;
#1504 = EDGE_CURVE ( 'NONE', #1236, #2576, #1339, .T. ) ;
#1505 = B_SPLINE_CURVE_WITH_KNOTS ( 'NONE', 3,
 ( #2437, #413, #10, #1841 ),
 .UNSPECIFIED., .F., .F.,
 ( 4, 4 ),
 ( 0.004096738618064831028, 0.004645112974112289815 ),
 .UNSPECIFIED. ) ;
#1506 = EDGE_CURVE ( 'NONE', #1093, #536, #1854, .T. ) ;
#1507 = DIRECTION ( 'NONE',  ( 0.000000000000000000, 0.000000000000000000, 1.000000000000000000 ) ) ;
#1508 = ORIENTED_EDGE ( 'NONE', *, *, #1014, .T. ) ;
#1509 = CARTESIAN_POINT ( 'NONE',  ( 3.519749999999999712, 0.000000000000000000, 0.000000000000000000 ) ) ;
#1510 = DIRECTION ( 'NONE',  ( 0.000000000000000000, 0.000000000000000000, -1.000000000000000000 ) ) ;
#1511 = CIRCLE ( 'NONE', #804, 3.000000000000000444 ) ;
#1512 = ORIENTED_EDGE ( 'NONE', *, *, #881, .T. ) ;
#1513 = DIRECTION ( 'NONE',  ( 0.000000000000000000, 0.000000000000000000, 1.000000000000000000 ) ) ;
#1514 = CARTESIAN_POINT ( 'NONE',  ( 1.462050000000000072, -0.5000000000000000000, -2.958039891549808953 ) ) ;
#1515 = VERTEX_POINT ( 'NONE', #1051 ) ;
#1516 = ADVANCED_FACE ( 'NONE', ( #1243 ), #1196, .T. ) ;
#1517 = DIRECTION ( 'NONE',  ( -1.000000000000000000, -0.000000000000000000, -0.000000000000000000 ) ) ;
#1518 = CARTESIAN_POINT ( 'NONE',  ( 4.169550000000000090, 0.000000000000000000, 0.000000000000000000 ) ) ;
#1519 = ORIENTED_EDGE ( 'NONE', *, *, #1445, .T. ) ;
#1520 = DIRECTION ( 'NONE',  ( -1.000000000000000000, -0.000000000000000000, -0.000000000000000000 ) ) ;
#1521 = DATE_TIME_ROLE ( 'classification_date' ) ;
#1522 = ADVANCED_FACE ( 'NONE', ( #1023 ), #1497, .T. ) ;
#1523 = EDGE_CURVE ( 'NONE', #2529, #2422, #2859, .T. ) ;
#1524 = CARTESIAN_POINT ( 'NONE',  ( 6.010650000000000048, 0.000000000000000000, 0.000000000000000000 ) ) ;
#1525 = CC_DESIGN_APPROVAL ( #775, ( #240 ) ) ;
#1526 = AXIS2_PLACEMENT_3D ( 'NONE', #1039, #139, #1979 ) ;
#1527 = UNCERTAINTY_MEASURE_WITH_UNIT (LENGTH_MEASURE( 1.000000000000000082E-05 ), #2830, 'distance_accuracy_value', 'NONE');
#1528 = ORIENTED_EDGE ( 'NONE', *, *, #1931, .T. ) ;
#1529 = CARTESIAN_POINT ( 'NONE',  ( 6.660449999999999982, 3.673940397442061347E-16, 3.000000000000000888 ) ) ;
#1530 = CARTESIAN_POINT ( 'NONE',  ( 7.689299999999999358, 0.000000000000000000, 0.000000000000000000 ) ) ;
#1531 = VECTOR ( 'NONE', #913, 1000.000000000000000 ) ;
#1532 = VERTEX_POINT ( 'NONE', #1699 ) ;
#1533 = VECTOR ( 'NONE', #1012, 1000.000000000000000 ) ;
#1534 = CARTESIAN_POINT ( 'NONE',  ( 2.869950000000000223, 0.000000000000000000, 3.000000000000000000 ) ) ;
#1535 = DIRECTION ( 'NONE',  ( -1.000000000000000000, -0.000000000000000000, -0.000000000000000000 ) ) ;
#1536 = AXIS2_PLACEMENT_3D ( 'NONE', #1200, #978, #2779 ) ;
#1537 = ORIENTED_EDGE ( 'NONE', *, *, #2782, .F. ) ;
#1538 = CARTESIAN_POINT ( 'NONE',  ( 4.061249999999999361, 0.000000000000000000, -3.000000000000000444 ) ) ;
#1539 = CIRCLE ( 'NONE', #255, 3.000000000000000444 ) ;
#1540 = DIRECTION ( 'NONE',  ( -2.522956547628765341E-19, 1.000000000000000000, 0.000000000000000000 ) ) ;
#1541 = AXIS2_PLACEMENT_3D ( 'NONE', #1509, #2853, #2408 ) ;
#1542 = PLANE ( 'NONE',  #2097 ) ;
#1543 = EDGE_CURVE ( 'NONE', #2247, #749, #585, .T. ) ;
#1544 = EDGE_CURVE ( 'NONE', #816, #2512, #855, .T. ) ;
#1545 = CARTESIAN_POINT ( 'NONE',  ( 4.440300000000000580, 3.386789651557291319E-16, -2.531047243850726769 ) ) ;
#1546 = CARTESIAN_POINT ( 'NONE',  ( 5.469149999999999956, 0.000000000000000000, 0.000000000000000000 ) ) ;
#1547 = EDGE_LOOP ( 'NONE', ( #91, #321, #356, #1279, #2603 ) ) ;
#1548 = CARTESIAN_POINT ( 'NONE',  ( 3.519749999999999712, 3.673940397442059868E-16, -3.000000000000000000 ) ) ;
#1549 = DIRECTION ( 'NONE',  ( -1.000000000000000000, -0.000000000000000000, -0.000000000000000000 ) ) ;
#1550 = EDGE_LOOP ( 'NONE', ( #2757, #1395, #340, #2647, #893 ) ) ;
#1551 = CYLINDRICAL_SURFACE ( 'NONE', #988, 3.000000000000001332 ) ;
#1552 = APPROVAL_STATUS ( 'not_yet_approved' ) ;
#1553 = CC_DESIGN_DATE_AND_TIME_ASSIGNMENT ( #370, #2164, ( #1239 ) ) ;
#1554 = CARTESIAN_POINT ( 'NONE',  ( 4.169550000000000090, 3.000000000000000000, 3.673940397442061347E-16 ) ) ;
#1555 = VERTEX_POINT ( 'NONE', #2411 ) ;
#1556 = LINE ( 'NONE', #610, #2548 ) ;
#1557 = CARTESIAN_POINT ( 'NONE',  ( 6.118949999999999889, 3.673940397442059868E-16, -3.000000000000000000 ) ) ;
#1558 = VECTOR ( 'NONE', #558, 1000.000000000000000 ) ;
#1559 = ORIENTED_EDGE ( 'NONE', *, *, #1213, .F. ) ;
#1560 = DIRECTION ( 'NONE',  ( 0.000000000000000000, 0.000000000000000000, 1.000000000000000000 ) ) ;
#1561 = LINE ( 'NONE', #1802, #1531 ) ;
#1562 = CONICAL_SURFACE ( 'NONE', #1790, 3.000000000000000000, 1.047197551196597187 ) ;
#1563 = AXIS2_PLACEMENT_3D ( 'NONE', #903, #1153, #875 ) ;
#1564 = ORIENTED_EDGE ( 'NONE', *, *, #1069, .T. ) ;
#1565 = CARTESIAN_POINT ( 'NONE',  ( 7.310249999999999915, 0.000000000000000000, 0.000000000000000000 ) ) ;
#1566 = CYLINDRICAL_SURFACE ( 'NONE', #258, 3.000000000000001332 ) ;
#1567 = ORIENTED_EDGE ( 'NONE', *, *, #231, .F. ) ;
#1568 = CARTESIAN_POINT ( 'NONE',  ( 1.462050000000000072, 0.000000000000000000, 0.000000000000000000 ) ) ;
#1569 = FACE_OUTER_BOUND ( 'NONE', #1261, .T. ) ;
#1570 = AXIS2_PLACEMENT_3D ( 'NONE', #809, #2159, #599 ) ;
#1571 = EDGE_CURVE ( 'NONE', #1978, #1236, #2091, .T. ) ;
#1572 = ORIENTED_EDGE ( 'NONE', *, *, #1120, .T. ) ;
#1573 = CARTESIAN_POINT ( 'NONE',  ( -8.570335710299064047, -7.347638122934263549E-16, 0.000000000000000000 ) ) ;
#1574 = DIRECTION ( 'NONE',  ( 0.4999999999999995004, 0.000000000000000000, -0.8660254037844389297 ) ) ;
#1575 = ORIENTED_EDGE ( 'NONE', *, *, #150, .F. ) ;
#1576 = CIRCLE ( 'NONE', #302, 2.866833636064924917 ) ;
#1577 = CARTESIAN_POINT ( 'NONE',  ( 5.469149999999999956, 0.000000000000000000, 0.000000000000000000 ) ) ;
#1578 = CIRCLE ( 'NONE', #632, 2.866833636064924917 ) ;
#1579 = EDGE_CURVE ( 'NONE', #47, #2403, #1578, .T. ) ;
#1580 = AXIS2_PLACEMENT_3D ( 'NONE', #12, #884, #910 ) ;
#1581 = CARTESIAN_POINT ( 'NONE',  ( 6.010650000000000048, 3.673940397442061347E-16, 3.000000000000000888 ) ) ;
#1582 = CARTESIAN_POINT ( 'NONE',  ( 0.8122500000000001386, 0.000000000000000000, 0.000000000000000000 ) ) ;
#1583 = DIRECTION ( 'NONE',  ( -1.000000000000000000, -2.522956547627780710E-19, -0.000000000000000000 ) ) ;
#1584 = PLANE ( 'NONE',  #2519 ) ;
#1585 = VECTOR ( 'NONE', #648, 1000.000000000000000 ) ;
#1586 = ORIENTED_EDGE ( 'NONE', *, *, #1506, .F. ) ;
#1587 = CARTESIAN_POINT ( 'NONE',  ( 2.490900000000000336, 0.000000000000000000, 0.000000000000000000 ) ) ;
#1588 = DIRECTION ( 'NONE',  ( -1.000000000000000000, -2.522956547627780710E-19, -0.000000000000000000 ) ) ;
#1589 = EDGE_LOOP ( 'NONE', ( #2126, #1512, #1906, #604, #1895, #921 ) ) ;
#1590 = EDGE_CURVE ( 'NONE', #2107, #2383, #303, .T. ) ;
#1591 = DIRECTION ( 'NONE',  ( 0.000000000000000000, 0.000000000000000000, 1.000000000000000000 ) ) ;
#1592 = CIRCLE ( 'NONE', #32, 2.531047243850726769 ) ;
#1593 = ADVANCED_FACE ( 'NONE', ( #341 ), #397, .T. ) ;
#1594 = CARTESIAN_POINT ( 'NONE',  ( 0.3698513780746371937, -7.325082419382633569E-16, 0.000000000000000000 ) ) ;
#1595 = DIRECTION ( 'NONE',  ( -1.000000000000000000, -0.000000000000000000, -0.000000000000000000 ) ) ;
#1596 = VERTEX_POINT ( 'NONE', #1758 ) ;
#1597 = CARTESIAN_POINT ( 'NONE',  ( 6.768749999999999822, -3.000000000000000000, 0.000000000000000000 ) ) ;
#1598 = CARTESIAN_POINT ( 'NONE',  ( 0.3698513780746373603, -0.5000000000000000000, 2.783805222686511538 ) ) ;
#1599 = LINE ( 'NONE', #2685, #2702 ) ;
#1600 = ORIENTED_EDGE ( 'NONE', *, *, #691, .F. ) ;
#1601 = LINE ( 'NONE', #223, #2010 ) ;
#1602 = DIRECTION ( 'NONE',  ( -0.5000000000000004441, 1.060575238724906545E-16, -0.8660254037844383745 ) ) ;
#1603 = VECTOR ( 'NONE', #2708, 1000.000000000000000 ) ;
#1604 = EDGE_LOOP ( 'NONE', ( #911, #1078, #791, #2081, #447, #1277 ) ) ;
#1605 = CIRCLE ( 'NONE', #2879, 2.531047243850726769 ) ;
#1606 = DIRECTION ( 'NONE',  ( -1.000000000000000000, -2.522956547627780710E-19, -0.000000000000000000 ) ) ;
#1607 = B_SPLINE_CURVE_WITH_KNOTS ( 'NONE', 3,
 ( #742, #1225, #1195, #530 ),
 .UNSPECIFIED., .F., .F.,
 ( 4, 4 ),
 ( 0.01017888507229412938, 0.01050241495522713335 ),
 .UNSPECIFIED. ) ;
#1608 = CARTESIAN_POINT ( 'NONE',  ( 1.462050000000000072, 0.5000000000000000000, -2.958039891549808953 ) ) ;
#1609 = DIRECTION ( 'NONE',  ( -1.000000000000000000, -2.522956547627780710E-19, -0.000000000000000000 ) ) ;
#1610 = B_SPLINE_CURVE_WITH_KNOTS ( 'NONE', 3,
 ( #991, #963, #1673, #745 ),
 .UNSPECIFIED., .F., .F.,
 ( 4, 4 ),
 ( 0.01018169967278265836, 0.01073247566019567417 ),
 .UNSPECIFIED. ) ;
#1611 = VERTEX_POINT ( 'NONE', #1716 ) ;
#1612 = DIRECTION ( 'NONE',  ( 0.000000000000000000, 0.000000000000000000, 1.000000000000000000 ) ) ;
#1613 = CARTESIAN_POINT ( 'NONE',  ( 0.5415000000000003144, 0.000000000000000000, 0.000000000000000000 ) ) ;
#1614 = DIRECTION ( 'NONE',  ( -1.000000000000000000, -2.522956547627780710E-19, -0.000000000000000000 ) ) ;
#1615 = ORIENTED_EDGE ( 'NONE', *, *, #1590, .T. ) ;
#1616 = ORIENTED_EDGE ( 'NONE', *, *, #2169, .F. ) ;
#1617 = CARTESIAN_POINT ( 'NONE',  ( 4.819350000000000023, 0.000000000000000000, 3.000000000000000000 ) ) ;
#1618 = DIRECTION ( 'NONE',  ( 0.000000000000000000, 0.000000000000000000, 1.000000000000000000 ) ) ;
#1619 = ORIENTED_EDGE ( 'NONE', *, *, #293, .F. ) ;
#1620 = CARTESIAN_POINT ( 'NONE',  ( 1.191300000000000248, 0.5000000000000000000, 2.481169109634480563 ) ) ;
#1621 = AXIS2_PLACEMENT_3D ( 'NONE', #269, #299, #2593 ) ;
#1622 = ORIENTED_EDGE ( 'NONE', *, *, #2088, .F. ) ;
#1623 = DIRECTION ( 'NONE',  ( 0.000000000000000000, -1.000000000000000000, 0.000000000000000000 ) ) ;
#1624 = ORIENTED_EDGE ( 'NONE', *, *, #133, .T. ) ;
#1625 = AXIS2_PLACEMENT_3D ( 'NONE', #2483, #2258, #2032 ) ;
#1626 = CARTESIAN_POINT ( 'NONE',  ( 7.689299999999999358, 0.000000000000000000, -2.531047243850726769 ) ) ;
#1627 = CARTESIAN_POINT ( 'NONE',  ( 0.9205500000000000904, 0.000000000000000000, 0.000000000000000000 ) ) ;
#1628 = CARTESIAN_POINT ( 'NONE',  ( 0.9205500000000000904, 0.5000000000000000000, -2.958039891549808509 ) ) ;
#1629 = EDGE_CURVE ( 'NONE', #2155, #1227, #1099, .T. ) ;
#1630 = EDGE_CURVE ( 'NONE', #152, #766, #1293, .T. ) ;
#1631 = ORIENTED_EDGE ( 'NONE', *, *, #949, .T. ) ;
#1632 = EDGE_CURVE ( 'NONE', #2107, #47, #123, .T. ) ;
#1633 = ORIENTED_EDGE ( 'NONE', *, *, #709, .F. ) ;
#1634 = CIRCLE ( 'NONE', #2759, 3.000000000000000444 ) ;
#1635 = DIRECTION ( 'NONE',  ( 0.000000000000000000, 0.000000000000000000, -1.000000000000000000 ) ) ;
#1636 = FACE_OUTER_BOUND ( 'NONE', #1184, .T. ) ;
#1637 = ORIENTED_EDGE ( 'NONE', *, *, #219, .F. ) ;
#1638 = DIRECTION ( 'NONE',  ( -1.000000000000000000, -2.522956547627780710E-19, -0.000000000000000000 ) ) ;
#1639 = ORIENTED_EDGE ( 'NONE', *, *, #2637, .F. ) ;
#1640 = DIRECTION ( 'NONE',  ( -0.5000000000000004441, 0.000000000000000000, 0.8660254037844383745 ) ) ;
#1641 = CIRCLE ( 'NONE', #2715, 2.531047243850726769 ) ;
#1642 = CARTESIAN_POINT ( 'NONE',  ( 1.570350000000000135, 0.000000000000000000, 0.000000000000000000 ) ) ;
#1643 = CARTESIAN_POINT ( 'NONE',  ( 8.832842712474617386, -7.303730659982992492E-16, 0.000000000000000000 ) ) ;
#1644 = ORIENTED_EDGE ( 'NONE', *, *, #1590, .F. ) ;
#1645 = ORIENTED_EDGE ( 'NONE', *, *, #2856, .F. ) ;
#1646 = CARTESIAN_POINT ( 'NONE',  ( 3.452058337948392023E-16, -0.5000000000000000000, -3.000000000000001332 ) ) ;
#1647 = DIRECTION ( 'NONE',  ( -0.5000000000000004441, 1.060575238724906545E-16, -0.8660254037844383745 ) ) ;
#1648 = VERTEX_POINT ( 'NONE', #844 ) ;
#1649 = EDGE_CURVE ( 'NONE', #1203, #1969, #778, .T. ) ;
#1650 = CARTESIAN_POINT ( 'NONE',  ( 6.118949999999999889, 3.673940397442059868E-16, -3.000000000000000000 ) ) ;
#1651 = ADVANCED_FACE ( 'NONE', ( #375 ), #1287, .F. ) ;
#1652 = AXIS2_PLACEMENT_3D ( 'NONE', #220, #207, #2425 ) ;
#1653 = ORIENTED_EDGE ( 'NONE', *, *, #1993, .T. ) ;
#1654 = DIRECTION ( 'NONE',  ( 0.000000000000000000, 0.000000000000000000, -1.000000000000000000 ) ) ;
#1655 = CARTESIAN_POINT ( 'NONE',  ( 1.893987003628535559, 0.5000000000000000000, -2.574613551787392041 ) ) ;
#1656 = ORIENTED_EDGE ( 'NONE', *, *, #916, .F. ) ;
#1657 = ORIENTED_EDGE ( 'NONE', *, *, #1318, .T. ) ;
#1658 = DIRECTION ( 'NONE',  ( -1.000000000000000000, -0.000000000000000000, -0.000000000000000000 ) ) ;
#1659 = CARTESIAN_POINT ( 'NONE',  ( -8.570335710299064047, -7.347638122934263549E-16, 0.000000000000000000 ) ) ;
#1660 = EDGE_LOOP ( 'NONE', ( #1422, #390, #2571, #2635 ) ) ;
#1661 = DIRECTION ( 'NONE',  ( -1.000000000000000000, -0.000000000000000000, -0.000000000000000000 ) ) ;
#1662 = DIRECTION ( 'NONE',  ( 0.000000000000000000, 0.000000000000000000, 1.000000000000000000 ) ) ;
#1663 = VECTOR ( 'NONE', #185, 1000.000000000000000 ) ;
#1664 = EDGE_CURVE ( 'NONE', #1386, #285, #535, .T. ) ;
#1665 = VERTEX_POINT ( 'NONE', #1514 ) ;
#1666 = APPLICATION_PROTOCOL_DEFINITION ( 'international standard', 'config_control_design', 1994, #2 ) ;
#1667 = CONICAL_SURFACE ( 'NONE', #1143, 2.531047243850726769, 1.047197551196598297 ) ;
#1668 = CARTESIAN_POINT ( 'NONE',  ( 7.689299999999999358, 0.000000000000000000, -2.531047243850726769 ) ) ;
#1669 = CARTESIAN_POINT ( 'NONE',  ( 2.000000000000000444, 0.5000000000000000000, -2.761367771692233131 ) ) ;
#1670 = CIRCLE ( 'NONE', #2569, 3.000000000000000000 ) ;
#1671 = ORIENTED_EDGE ( 'NONE', *, *, #2616, .F. ) ;
#1672 = ORIENTED_EDGE ( 'NONE', *, *, #366, .T. ) ;
#1673 = CARTESIAN_POINT ( 'NONE',  ( 0.7218188310134410202, -0.5000000000000000000, -2.799186679610361050 ) ) ;
#1674 = DIRECTION ( 'NONE',  ( -1.000000000000000000, -0.000000000000000000, -0.000000000000000000 ) ) ;
#1675 = ORIENTED_EDGE ( 'NONE', *, *, #147, .F. ) ;
#1676 = CARTESIAN_POINT ( 'NONE',  ( 8.750000000000000000, 2.000000000000000000, 2.449293598294707893E-16 ) ) ;
#1677 = DIRECTION ( 'NONE',  ( 0.000000000000000000, -1.000000000000000000, 0.000000000000000000 ) ) ;
#1678 = AXIS2_PLACEMENT_3D ( 'NONE', #545, #620, #398 ) ;
#1679 = DIRECTION ( 'NONE',  ( -1.000000000000000000, -0.000000000000000000, -0.000000000000000000 ) ) ;
#1680 = ORIENTED_EDGE ( 'NONE', *, *, #1318, .F. ) ;
#1681 = CARTESIAN_POINT ( 'NONE',  ( 0.000000000000000000, -7.326015538338596896E-16, 0.000000000000000000 ) ) ;
#1682 = CARTESIAN_POINT ( 'NONE',  ( -8.570335710299064047, 3.000000000000000444, 3.673940397442061347E-16 ) ) ;
#1683 = AXIS2_PLACEMENT_3D ( 'NONE', #2342, #1405, #2356 ) ;
#1684 = ORIENTED_EDGE ( 'NONE', *, *, #401, .F. ) ;
#1685 = ORIENTED_EDGE ( 'NONE', *, *, #2877, .T. ) ;
#1686 = DIRECTION ( 'NONE',  ( 0.000000000000000000, -1.000000000000000000, 0.000000000000000000 ) ) ;
#1687 = ORIENTED_EDGE ( 'NONE', *, *, #1190, .T. ) ;
#1688 = DIRECTION ( 'NONE',  ( 0.000000000000000000, 0.000000000000000000, 1.000000000000000000 ) ) ;
#1689 = DIRECTION ( 'NONE',  ( 0.000000000000000000, 0.000000000000000000, 1.000000000000000000 ) ) ;
#1690 = LINE ( 'NONE', #2599, #1192 ) ;
#1691 = ORIENTED_EDGE ( 'NONE', *, *, #1100, .T. ) ;
#1692 = EDGE_CURVE ( 'NONE', #744, #588, #1990, .T. ) ;
#1693 = CIRCLE ( 'NONE', #1744, 2.828351378074637434 ) ;
#1694 = CARTESIAN_POINT ( 'NONE',  ( 1.191300000000000248, -0.5000000000000000000, -2.481169109634480563 ) ) ;
#1695 = CIRCLE ( 'NONE', #1415, 2.000000000000000888 ) ;
#1696 = CIRCLE ( 'NONE', #1977, 3.000000000000000000 ) ;
#1697 = ORIENTED_EDGE ( 'NONE', *, *, #1052, .T. ) ;
#1698 = ORIENTED_EDGE ( 'NONE', *, *, #1501, .T. ) ;
#1699 = CARTESIAN_POINT ( 'NONE',  ( 0.9205500000000000904, 0.5000000000000000000, 2.958039891549808509 ) ) ;
#1700 = ADVANCED_FACE ( 'NONE', ( #153 ), #1901, .T. ) ;
#1701 = ADVANCED_FACE ( 'NONE', ( #1314 ), #682, .T. ) ;
#1702 = VERTEX_POINT ( 'NONE', #234 ) ;
#1703 = CARTESIAN_POINT ( 'NONE',  ( -8.570335710299064047, -7.347638122934263549E-16, 0.000000000000000000 ) ) ;
#1704 = LINE ( 'NONE', #2864, #772 ) ;
#1705 = CARTESIAN_POINT ( 'NONE',  ( 1.841100000000000181, 0.000000000000000000, 0.000000000000000000 ) ) ;
#1707 = VERTEX_POINT ( 'NONE', #2228 ) ;
#1706 = AXIS2_PLACEMENT_3D ( 'NONE', #1788, #2688, #33 ) ;
#1708 = LINE ( 'NONE', #2348, #833 ) ;
#1709 = EDGE_CURVE ( 'NONE', #74, #839, #2854, .T. ) ;
#1710 = DIRECTION ( 'NONE',  ( -1.000000000000000000, -2.522956547627780710E-19, -0.000000000000000000 ) ) ;
#1711 = ORIENTED_EDGE ( 'NONE', *, *, #2838, .T. ) ;
#1712 = ADVANCED_FACE ( 'NONE', ( #1106 ), #1584, .F. ) ;
#1713 = VECTOR ( 'NONE', #642, 1000.000000000000000 ) ;
#1714 = ORIENTED_EDGE ( 'NONE', *, *, #968, .F. ) ;
#1715 = VECTOR ( 'NONE', #834, 1000.000000000000000 ) ;
#1716 = CARTESIAN_POINT ( 'NONE',  ( 3.140700000000000269, 3.386789651557291319E-16, -2.531047243850726769 ) ) ;
#1717 = ADVANCED_FACE ( 'NONE', ( #1569 ), #306, .T. ) ;
#1718 = EDGE_CURVE ( 'NONE', #942, #508, #2438, .T. ) ;
#1719 = ADVANCED_FACE ( 'NONE', ( #2050 ), #2898, .T. ) ;
#1720 = ORIENTED_EDGE ( 'NONE', *, *, #251, .T. ) ;
#1721 = AXIS2_PLACEMENT_3D ( 'NONE', #2497, #1987, #1330 ) ;
#1722 = DIRECTION ( 'NONE',  ( 0.000000000000000000, 0.000000000000000000, 1.000000000000000000 ) ) ;
#1723 = DIRECTION ( 'NONE',  ( 0.4999999999999995004, 0.000000000000000000, -0.8660254037844389297 ) ) ;
#1724 = ORIENTED_EDGE ( 'NONE', *, *, #2767, .F. ) ;
#1725 = CIRCLE ( 'NONE', #2142, 3.000000000000000000 ) ;
#1726 = LINE ( 'NONE', #797, #777 ) ;
#1727 = VERTEX_POINT ( 'NONE', #2467 ) ;
#1728 = DIRECTION ( 'NONE',  ( -1.000000000000000000, -0.000000000000000000, -0.000000000000000000 ) ) ;
#1729 = ORIENTED_EDGE ( 'NONE', *, *, #2637, .T. ) ;
#1730 = EDGE_LOOP ( 'NONE', ( #313, #452, #812, #197 ) ) ;
#1731 = DIRECTION ( 'NONE',  ( 0.000000000000000000, 0.000000000000000000, 1.000000000000000000 ) ) ;
#1732 = VECTOR ( 'NONE', #1965, 1000.000000000000000 ) ;
#1733 = ORIENTED_EDGE ( 'NONE', *, *, #577, .F. ) ;
#1734 = ADVANCED_FACE ( 'NONE', ( #2272 ), #1010, .T. ) ;
#1735 = CARTESIAN_POINT ( 'NONE',  ( 5.469149999999999956, 0.000000000000000000, 0.000000000000000000 ) ) ;
#1736 = DIRECTION ( 'NONE',  ( 0.000000000000000000, 0.000000000000000000, 1.000000000000000000 ) ) ;
#1737 = ADVANCED_FACE ( 'NONE', ( #2453 ), #116, .T. ) ;
#1738 = ORIENTED_EDGE ( 'NONE', *, *, #2587, .T. ) ;
#1739 = EDGE_CURVE ( 'NONE', #2665, #649, #195, .T. ) ;
#1740 = FACE_OUTER_BOUND ( 'NONE', #2275, .T. ) ;
#1741 = APPROVAL_ROLE ( '' ) ;
#1742 = CARTESIAN_POINT ( 'NONE',  ( 1.660781168986558809, 0.5000000000000000000, -2.799186679610361939 ) ) ;
#1743 = ORIENTED_EDGE ( 'NONE', *, *, #147, .T. ) ;
#1744 = AXIS2_PLACEMENT_3D ( 'NONE', #1594, #1661, #468 ) ;
#1745 = DIRECTION ( 'NONE',  ( -1.000000000000000000, -0.000000000000000000, -0.000000000000000000 ) ) ;
#1746 = DIRECTION ( 'NONE',  ( -2.522956547627780710E-19, 1.000000000000000000, 0.000000000000000000 ) ) ;
#1747 = VERTEX_POINT ( 'NONE', #1783 ) ;
#1748 = CYLINDRICAL_SURFACE ( 'NONE', #2324, 2.000000000000000888 ) ;
#1749 = FACE_OUTER_BOUND ( 'NONE', #2307, .T. ) ;
#1750 = VERTEX_POINT ( 'NONE', #925 ) ;
#1751 = CARTESIAN_POINT ( 'NONE',  ( 1.462050000000000072, -0.5000000000000000000, 2.958039891549808953 ) ) ;
#1752 = EDGE_CURVE ( 'NONE', #1835, #2129, #868, .T. ) ;
#1753 = ADVANCED_FACE ( 'NONE', ( #1825 ), #414, .T. ) ;
#1754 = DIRECTION ( 'NONE',  ( 0.000000000000000000, 0.000000000000000000, 1.000000000000000000 ) ) ;
#1755 = CONICAL_SURFACE ( 'NONE', #2179, 3.000000000000000000, 1.047197551196597187 ) ;
#1756 = EDGE_LOOP ( 'NONE', ( #2752, #2795, #2163, #1419, #570 ) ) ;
#1757 = DIRECTION ( 'NONE',  ( 0.000000000000000000, 0.000000000000000000, 1.000000000000000000 ) ) ;
#1758 = CARTESIAN_POINT ( 'NONE',  ( 0.3698513780746371937, 0.5000000000000000000, 2.783805222686511982 ) ) ;
#1759 = AXIS2_PLACEMENT_3D ( 'NONE', #1350, #1095, #3 ) ;
#1760 = ORIENTED_EDGE ( 'NONE', *, *, #2013, .T. ) ;
#1761 = VECTOR ( 'NONE', #128, 1000.000000000000000 ) ;
#1762 = LINE ( 'NONE', #1548, #106 ) ;
#1763 = DIRECTION ( 'NONE',  ( -1.000000000000000000, -2.522956547627780710E-19, -0.000000000000000000 ) ) ;
#1764 = AXIS2_PLACEMENT_3D ( 'NONE', #2674, #2541, #2305 ) ;
#1765 = VERTEX_POINT ( 'NONE', #1119 ) ;
#1766 = DIRECTION ( 'NONE',  ( -1.000000000000000000, -2.522956547627780710E-19, -0.000000000000000000 ) ) ;
#1767 = CALENDAR_DATE ( 2026, 10, 5 ) ;
#1768 = AXIS2_PLACEMENT_3D ( 'NONE', #1020, #372, #1265 ) ;
#1769 = CARTESIAN_POINT ( 'NONE',  ( 7.418549999999999756, 0.000000000000000000, 0.000000000000000000 ) ) ;
#1770 = CIRCLE ( 'NONE', #2145, 2.806270117173421674 ) ;
#1771 = PERSON ( '未指定', '未指定', '未指定', ('未指定'), ('未指定'), ('未指定') ) ;
#1772 = CARTESIAN_POINT ( 'NONE',  ( 0.5415000000000003144, 0.5000000000000000000, 2.481169109634480563 ) ) ;
#1773 = CARTESIAN_POINT ( 'NONE',  ( 4.711050000000000182, 0.000000000000000000, 0.000000000000000000 ) ) ;
#1774 = ORIENTED_EDGE ( 'NONE', *, *, #1993, .F. ) ;
#1775 = FACE_OUTER_BOUND ( 'NONE', #307, .T. ) ;
#1776 = LINE ( 'NONE', #686, #247 ) ;
#1777 = ORIENTED_EDGE ( 'NONE', *, *, #2242, .F. ) ;
#1778 = AXIS2_PLACEMENT_3D ( 'NONE', #1735, #175, #377 ) ;
#1779 = CARTESIAN_POINT ( 'NONE',  ( 3.140700000000000269, 0.000000000000000000, 0.000000000000000000 ) ) ;
#1780 = EDGE_CURVE ( 'NONE', #2558, #666, #1599, .T. ) ;
#1781 = CARTESIAN_POINT ( 'NONE',  ( 5.739900000000000446, 3.099638905672523263E-16, 2.531047243850726769 ) ) ;
#1782 = CARTESIAN_POINT ( 'NONE',  ( 7.883166363935080412, -7.306126652144666943E-16, 0.000000000000000000 ) ) ;
#1783 = CARTESIAN_POINT ( 'NONE',  ( 2.869950000000000223, 0.000000000000000000, 3.000000000000000000 ) ) ;
#1784 = EDGE_CURVE ( 'NONE', #1242, #2808, #352, .T. ) ;
#1785 = CIRCLE ( 'NONE', #1269, 3.000000000000000000 ) ;
#1786 = ORIENTED_EDGE ( 'NONE', *, *, #2587, .F. ) ;
#1787 = CARTESIAN_POINT ( 'NONE',  ( 3.790500000000000203, 0.000000000000000000, 2.531047243850726769 ) ) ;
#1788 = CARTESIAN_POINT ( 'NONE',  ( 8.832842712474617386, -2.200000000000001954, 0.000000000000000000 ) ) ;
#1789 = EDGE_CURVE ( 'NONE', #2580, #2836, #1245, .T. ) ;
#1790 = AXIS2_PLACEMENT_3D ( 'NONE', #908, #2761, #1797 ) ;
#1791 = EDGE_CURVE ( 'NONE', #2787, #2035, #445, .T. ) ;
#1792 = B_SPLINE_CURVE_WITH_KNOTS ( 'NONE', 3,
 ( #2786, #1168, #2119, #2056 ),
 .UNSPECIFIED., .F., .F.,
 ( 4, 4 ),
 ( 0.01018169967278266530, 0.01053114974747304533 ),
 .UNSPECIFIED. ) ;
#1793 = EDGE_LOOP ( 'NONE', ( #2679, #1175, #326, #2062, #2563 ) ) ;
#1794 = DIRECTION ( 'NONE',  ( -1.000000000000000000, -0.000000000000000000, -0.000000000000000000 ) ) ;
#1795 = DIRECTION ( 'NONE',  ( 1.000000000000000000, 0.000000000000000000, 0.000000000000000000 ) ) ;
#1796 = EDGE_CURVE ( 'NONE', #1880, #508, #2659, .T. ) ;
#1797 = DIRECTION ( 'NONE',  ( 0.000000000000000000, 0.000000000000000000, 1.000000000000000000 ) ) ;
#1798 = DIRECTION ( 'NONE',  ( -1.000000000000000000, -0.000000000000000000, -0.000000000000000000 ) ) ;
#1799 = ADVANCED_FACE ( 'NONE', ( #324 ), #1954, .T. ) ;
#1800 = EDGE_LOOP ( 'NONE', ( #2507, #805, #2206, #2866 ) ) ;
#1801 = DIRECTION ( 'NONE',  ( -1.000000000000000000, -2.522956547627780710E-19, -0.000000000000000000 ) ) ;
#1802 = CARTESIAN_POINT ( 'NONE',  ( 5.739900000000000446, 0.000000000000000000, -2.531047243850726769 ) ) ;
#1803 = EDGE_CURVE ( 'NONE', #1203, #1404, #2754, .T. ) ;
#1804 = ORIENTED_EDGE ( 'NONE', *, *, #2894, .T. ) ;
#1805 = DIRECTION ( 'NONE',  ( 0.000000000000000000, -1.000000000000000000, 0.000000000000000000 ) ) ;
#1806 = AXIS2_PLACEMENT_3D ( 'NONE', #623, #2172, #1746 ) ;
#1807 = CARTESIAN_POINT ( 'NONE',  ( 2.111850000000000005, 0.000000000000000000, 0.000000000000000000 ) ) ;
#1808 = ORIENTED_EDGE ( 'NONE', *, *, #2240, .F. ) ;
#1809 = FACE_OUTER_BOUND ( 'NONE', #2840, .T. ) ;
#1810 = DIRECTION ( 'NONE',  ( -1.000000000000000000, -0.000000000000000000, -0.000000000000000000 ) ) ;
#1811 = CARTESIAN_POINT ( 'NONE',  ( 3.140700000000000269, 3.099638905672523263E-16, 2.531047243850726769 ) ) ;
#1812 = VECTOR ( 'NONE', #1883, 1000.000000000000000 ) ;
#1813 = PRODUCT_DEFINITION_SHAPE ( 'NONE', 'NONE',  #1239 ) ;
#1814 = ORIENTED_EDGE ( 'NONE', *, *, #1780, .F. ) ;
#1815 = CARTESIAN_POINT ( 'NONE',  ( 5.469149999999999956, -3.000000000000000000, 0.000000000000000000 ) ) ;
#1816 = FACE_OUTER_BOUND ( 'NONE', #525, .T. ) ;
#1817 = ORIENTED_EDGE ( 'NONE', *, *, #1320, .F. ) ;
#1818 = CARTESIAN_POINT ( 'NONE',  ( 6.660449999999999982, 0.000000000000000000, 0.000000000000000000 ) ) ;
#1819 = EDGE_CURVE ( 'NONE', #1486, #639, #2790, .T. ) ;
#1820 = CARTESIAN_POINT ( 'NONE',  ( 4.440300000000000580, 0.000000000000000000, 0.000000000000000000 ) ) ;
#1821 = CARTESIAN_POINT ( 'NONE',  ( 2.869950000000000223, 0.000000000000000000, 0.000000000000000000 ) ) ;
#1822 = ORIENTED_EDGE ( 'NONE', *, *, #2013, .F. ) ;
#1823 = DIRECTION ( 'NONE',  ( 2.522956547627780710E-19, -1.000000000000000000, 0.000000000000000000 ) ) ;
#1824 = CARTESIAN_POINT ( 'NONE',  ( 1.191300000000000248, -0.5000000000000000000, -2.481169109634480563 ) ) ;
#1825 = FACE_OUTER_BOUND ( 'NONE', #1874, .T. ) ;
#1826 = ORIENTED_EDGE ( 'NONE', *, *, #1791, .T. ) ;
#1827 = ORIENTED_EDGE ( 'NONE', *, *, #2877, .F. ) ;
#1828 = DIRECTION ( 'NONE',  ( 0.000000000000000000, 0.000000000000000000, 1.000000000000000000 ) ) ;
#1829 = CARTESIAN_POINT ( 'NONE',  ( 7.418549999999999756, 0.000000000000000000, 0.000000000000000000 ) ) ;
#1830 = ORIENTED_EDGE ( 'NONE', *, *, #1267, .F. ) ;
#1831 = CIRCLE ( 'NONE', #563, 2.806270117173421674 ) ;
#1832 = FACE_OUTER_BOUND ( 'NONE', #522, .T. ) ;
#1833 = AXIS2_PLACEMENT_3D ( 'NONE', #2680, #2220, #2445 ) ;
#1834 = CARTESIAN_POINT ( 'NONE',  ( 2.000000000000000444, -0.5000000000000000000, 2.761367771692233131 ) ) ;
#1835 = VERTEX_POINT ( 'NONE', #973 ) ;
#1836 = DIRECTION ( 'NONE',  ( -1.000000000000000000, -0.000000000000000000, -0.000000000000000000 ) ) ;
#1837 = ADVANCED_FACE ( 'NONE', ( #296 ), #539, .T. ) ;
#1838 = EDGE_CURVE ( 'NONE', #2835, #950, #1199, .T. ) ;
#1839 = ADVANCED_FACE ( 'NONE', ( #956 ), #1843, .T. ) ;
#1840 = ORIENTED_EDGE ( 'NONE', *, *, #1819, .T. ) ;
#1841 = CARTESIAN_POINT ( 'NONE',  ( 1.841100000000000181, -0.5000000000000000000, -2.481169109634480563 ) ) ;
#1842 = DIRECTION ( 'NONE',  ( 0.000000000000000000, 0.000000000000000000, 1.000000000000000000 ) ) ;
#1843 = CYLINDRICAL_SURFACE ( 'NONE', #2573, 3.000000000000001332 ) ;
#1844 = ORIENTED_EDGE ( 'NONE', *, *, #470, .T. ) ;
#1845 = ORIENTED_EDGE ( 'NONE', *, *, #1791, .F. ) ;
#1846 = CIRCLE ( 'NONE', #1471, 3.000000000000000444 ) ;
#1847 = CARTESIAN_POINT ( 'NONE',  ( 2.000000000000000444, -0.5000000000000000000, -3.000000000000001332 ) ) ;
#1848 = DIRECTION ( 'NONE',  ( 0.000000000000000000, 0.000000000000000000, 1.000000000000000000 ) ) ;
#1849 = ORIENTED_EDGE ( 'NONE', *, *, #1133, .F. ) ;
#1850 = B_SPLINE_CURVE_WITH_KNOTS ( 'NONE', 3,
 ( #510, #2325, #2115, #1181 ),
 .UNSPECIFIED., .F., .F.,
 ( 4, 4 ),
 ( 0.01017888507229413111, 0.01050241495522713508 ),
 .UNSPECIFIED. ) ;
#1851 = LINE ( 'NONE', #1185, #1139 ) ;
#1852 = AXIS2_PLACEMENT_3D ( 'NONE', #2195, #1940, #2207 ) ;
#1853 = AXIS2_PLACEMENT_3D ( 'NONE', #1406, #84, #2794 ) ;
#1854 = CIRCLE ( 'NONE', #441, 3.000000000000000444 ) ;
#1855 = ORIENTED_EDGE ( 'NONE', *, *, #2765, .T. ) ;
#1856 = FACE_OUTER_BOUND ( 'NONE', #2428, .T. ) ;
#1857 = DIRECTION ( 'NONE',  ( -1.000000000000000000, -0.000000000000000000, -0.000000000000000000 ) ) ;
#1858 = LINE ( 'NONE', #2271, #2475 ) ;
#1859 = CARTESIAN_POINT ( 'NONE',  ( 11.80000000000000071, 1.800000000000000266, 2.204364238465237055E-16 ) ) ;
#1860 = AXIS2_PLACEMENT_3D ( 'NONE', #909, #2064, #940 ) ;
#1861 = ADVANCED_FACE ( 'NONE', ( #2743 ), #2575, .T. ) ;
#1862 = ORIENTED_EDGE ( 'NONE', *, *, #1101, .F. ) ;
#1863 = ORIENTED_EDGE ( 'NONE', *, *, #1212, .T. ) ;
#1864 = VECTOR ( 'NONE', #920, 1000.000000000000000 ) ;
#1865 = DIRECTION ( 'NONE',  ( -1.000000000000000000, -0.000000000000000000, -0.000000000000000000 ) ) ;
#1866 = CARTESIAN_POINT ( 'NONE',  ( 6.010650000000000048, 3.000000000000000444, 3.673940397442061347E-16 ) ) ;
#1867 = CONICAL_SURFACE ( 'NONE', #1348, 2.531047243850726769, 1.047197551196598297 ) ;
#1868 = ORIENTED_EDGE ( 'NONE', *, *, #953, .T. ) ;
#1869 = CARTESIAN_POINT ( 'NONE',  ( 0.9205500000000000904, -0.5000000000000000000, -2.958039891549808509 ) ) ;
#1870 = ORIENTED_EDGE ( 'NONE', *, *, #1303, .F. ) ;
#1871 = FACE_OUTER_BOUND ( 'NONE', #1800, .T. ) ;
#1872 = CARTESIAN_POINT ( 'NONE',  ( 6.118949999999999889, 3.000000000000000000, 3.673940397442061347E-16 ) ) ;
#1873 = ORIENTED_EDGE ( 'NONE', *, *, #2640, .F. ) ;
#1874 = EDGE_LOOP ( 'NONE', ( #1877, #1464, #1528, #2543 ) ) ;
#1875 = CARTESIAN_POINT ( 'NONE',  ( 4.061249999999999361, 0.000000000000000000, 0.000000000000000000 ) ) ;
#1876 = CARTESIAN_POINT ( 'NONE',  ( 2.220150000000000290, 0.000000000000000000, 0.000000000000000000 ) ) ;
#1877 = ORIENTED_EDGE ( 'NONE', *, *, #2276, .T. ) ;
#1878 = CARTESIAN_POINT ( 'NONE',  ( 7.039499999999999424, 0.000000000000000000, 0.000000000000000000 ) ) ;
#1879 = AXIS2_PLACEMENT_3D ( 'NONE', #1782, #443, #2212 ) ;
#1880 = VERTEX_POINT ( 'NONE', #1872 ) ;
#1881 = PERSON_AND_ORGANIZATION_ROLE ( 'design_owner' ) ;
#1882 = CIRCLE ( 'NONE', #2919, 3.000000000000000444 ) ;
#1883 = DIRECTION ( 'NONE',  ( -0.5000000000000004441, 0.000000000000000000, 0.8660254037844383745 ) ) ;
#1884 = DIRECTION ( 'NONE',  ( -1.000000000000000000, -2.522956547627780710E-19, -0.000000000000000000 ) ) ;
#1885 = ORIENTED_EDGE ( 'NONE', *, *, #802, .F. ) ;
#1886 = EDGE_LOOP ( 'NONE', ( #2264, #1096, #2161, #1378 ) ) ;
#1887 = FACE_OUTER_BOUND ( 'NONE', #989, .T. ) ;
#1888 = CARTESIAN_POINT ( 'NONE',  ( 0.2464147722141749042, 0.5000000000000000000, -2.658393397374475775 ) ) ;
#1889 = ORIENTED_EDGE ( 'NONE', *, *, #96, .F. ) ;
#1890 = EDGE_CURVE ( 'NONE', #1477, #2247, #2236, .T. ) ;
#1891 = DIRECTION ( 'NONE',  ( -1.000000000000000000, -2.522956547627780710E-19, -0.000000000000000000 ) ) ;
#1892 = CARTESIAN_POINT ( 'NONE',  ( 6.768749999999999822, 0.000000000000000000, 0.000000000000000000 ) ) ;
#1893 = APPROVAL_PERSON_ORGANIZATION ( #2892, #775, #202 ) ;
#1894 = CIRCLE ( 'NONE', #1778, 3.000000000000000000 ) ;
#1895 = ORIENTED_EDGE ( 'NONE', *, *, #670, .F. ) ;
#1896 = LINE ( 'NONE', #970, #871 ) ;
#1897 = CIRCLE ( 'NONE', #1057, 3.000000000000000444 ) ;
#1898 = AXIS2_PLACEMENT_3D ( 'NONE', #2433, #396, #851 ) ;
#1899 = DIRECTION ( 'NONE',  ( -1.000000000000000000, -0.000000000000000000, -0.000000000000000000 ) ) ;
#1900 = CARTESIAN_POINT ( 'NONE',  ( 1.841100000000000181, 0.000000000000000000, 0.000000000000000000 ) ) ;
#1901 = CONICAL_SURFACE ( 'NONE', #2190, 2.000000000000000888, 0.7853981633974498333 ) ;
#1902 = ORIENTED_EDGE ( 'NONE', *, *, #877, .T. ) ;
#1903 = ORIENTED_EDGE ( 'NONE', *, *, #2568, .T. ) ;
#1904 = DIRECTION ( 'NONE',  ( 0.000000000000000000, 0.000000000000000000, 1.000000000000000000 ) ) ;
#1905 = VECTOR ( 'NONE', #1355, 1000.000000000000000 ) ;
#1906 = ORIENTED_EDGE ( 'NONE', *, *, #325, .T. ) ;
#1907 = CIRCLE ( 'NONE', #1541, 3.000000000000000000 ) ;
#1908 = DIRECTION ( 'NONE',  ( 1.000000000000000000, 2.522956547627780710E-19, 0.000000000000000000 ) ) ;
#1909 = DIRECTION ( 'NONE',  ( 0.000000000000000000, 0.000000000000000000, 1.000000000000000000 ) ) ;
#1910 = AXIS2_PLACEMENT_3D ( 'NONE', #1327, #1944, #1540 ) ;
#1911 = DIRECTION ( 'NONE',  ( 0.4999999999999995004, 0.000000000000000000, -0.8660254037844389297 ) ) ;
#1912 = ORIENTED_EDGE ( 'NONE', *, *, #2003, .F. ) ;
#1913 = CARTESIAN_POINT ( 'NONE',  ( 2.000000000000000444, 0.000000000000000000, 0.000000000000000000 ) ) ;
#1914 = CARTESIAN_POINT ( 'NONE',  ( 1.841100000000000181, 0.000000000000000000, 0.000000000000000000 ) ) ;
#1915 = EDGE_CURVE ( 'NONE', #1648, #1188, #1607, .T. ) ;
#1916 = ORIENTED_EDGE ( 'NONE', *, *, #1117, .F. ) ;
#1917 = VERTEX_POINT ( 'NONE', #1628 ) ;
#1918 = CARTESIAN_POINT ( 'NONE',  ( 7.689299999999999358, 3.099638905672523263E-16, 2.531047243850726769 ) ) ;
#1919 = ORIENTED_EDGE ( 'NONE', *, *, #493, .F. ) ;
#1920 = LINE ( 'NONE', #2901, #511 ) ;
#1921 = CARTESIAN_POINT ( 'NONE',  ( 5.090100000000000513, 0.000000000000000000, 0.000000000000000000 ) ) ;
#1922 = EDGE_CURVE ( 'NONE', #1451, #2105, #928, .T. ) ;
#1923 = DIRECTION ( 'NONE',  ( -1.000000000000000000, -0.000000000000000000, -0.000000000000000000 ) ) ;
#1924 = VERTEX_POINT ( 'NONE', #2338 ) ;
#1925 = DIRECTION ( 'NONE',  ( 0.000000000000000000, 0.000000000000000000, 1.000000000000000000 ) ) ;
#1926 = CIRCLE ( 'NONE', #1361, 3.000000000000000000 ) ;
#1927 = EDGE_CURVE ( 'NONE', #2154, #859, #756, .T. ) ;
#1928 = CARTESIAN_POINT ( 'NONE',  ( 7.418549999999999756, 0.000000000000000000, 3.000000000000000000 ) ) ;
#1929 = EDGE_CURVE ( 'NONE', #1404, #749, #489, .T. ) ;
#1930 = AXIS2_PLACEMENT_3D ( 'NONE', #1383, #2289, #1159 ) ;
#1931 = EDGE_CURVE ( 'NONE', #749, #40, #2071, .T. ) ;
#1932 = AXIS2_PLACEMENT_3D ( 'NONE', #1577, #1362, #256 ) ;
#1933 = DIRECTION ( 'NONE',  ( 0.000000000000000000, 0.000000000000000000, -1.000000000000000000 ) ) ;
#1934 = ORIENTED_EDGE ( 'NONE', *, *, #2460, .T. ) ;
#1935 = CARTESIAN_POINT ( 'NONE',  ( -8.570335710299064047, 3.000000000000000444, 3.673940397442061347E-16 ) ) ;
#1936 = ORIENTED_EDGE ( 'NONE', *, *, #1985, .F. ) ;
#1937 = DIRECTION ( 'NONE',  ( -1.000000000000000000, -2.522956547627780710E-19, -0.000000000000000000 ) ) ;
#1938 = LINE ( 'NONE', #2487, #58 ) ;
#1939 = ORIENTED_EDGE ( 'NONE', *, *, #838, .T. ) ;
#1940 = DIRECTION ( 'NONE',  ( -1.000000000000000000, -2.522956547627780710E-19, -0.000000000000000000 ) ) ;
#1942 = EDGE_LOOP ( 'NONE', ( #1289, #609, #267, #504, #1637 ) ) ;
#1941 = CIRCLE ( 'NONE', #901, 2.458500000000000796 ) ;
#1943 = APPROVAL_DATE_TIME ( #876, #2069 ) ;
#1944 = DIRECTION ( 'NONE',  ( 1.000000000000000000, 2.522956547628765341E-19, 0.000000000000000000 ) ) ;
#1945 = VECTOR ( 'NONE', #1583, 1000.000000000000000 ) ;
#1946 = CARTESIAN_POINT ( 'NONE',  ( 7.883166363935080412, 3.510858636094879050E-16, 2.866833636064926250 ) ) ;
#1947 = CIRCLE ( 'NONE', #678, 2.531047243850726769 ) ;
#1948 = ORIENTED_EDGE ( 'NONE', *, *, #1408, .T. ) ;
#1949 = AXIS2_PLACEMENT_3D ( 'NONE', #1271, #817, #2634 ) ;
#1950 = DIRECTION ( 'NONE',  ( 3.089730660440218311E-35, -1.224646799147353207E-16, 1.000000000000000000 ) ) ;
#1951 = ADVANCED_FACE ( 'NONE', ( #2321 ), #518, .F. ) ;
#1952 = ADVANCED_FACE ( 'NONE', ( #2527 ), #2781, .T. ) ;
#1953 = ORIENTED_EDGE ( 'NONE', *, *, #1488, .F. ) ;
#1954 = CONICAL_SURFACE ( 'NONE', #2473, 2.000000000000000888, 0.7853981633974498333 ) ;
#1955 = DIRECTION ( 'NONE',  ( 0.000000000000000000, 0.000000000000000000, 1.000000000000000000 ) ) ;
#1956 = CARTESIAN_POINT ( 'NONE',  ( 7.883166363935080412, -2.866833636064924917, 0.000000000000000000 ) ) ;
#1957 = ORIENTED_EDGE ( 'NONE', *, *, #2308, .T. ) ;
#1958 = DIRECTION ( 'NONE',  ( 0.000000000000000000, 0.000000000000000000, -1.000000000000000000 ) ) ;
#1959 = APPROVAL_STATUS ( 'not_yet_approved' ) ;
#1960 = DIRECTION ( 'NONE',  ( -1.000000000000000000, -2.522956547627780710E-19, -0.000000000000000000 ) ) ;
#1961 = ORIENTED_EDGE ( 'NONE', *, *, #2255, .F. ) ;
#1962 = CARTESIAN_POINT ( 'NONE',  ( 4.819350000000000023, 0.000000000000000000, 0.000000000000000000 ) ) ;
#1963 = DIRECTION ( 'NONE',  ( -1.000000000000000000, -0.000000000000000000, -0.000000000000000000 ) ) ;
#1964 = ORIENTED_EDGE ( 'NONE', *, *, #820, .F. ) ;
#1965 = DIRECTION ( 'NONE',  ( -1.000000000000000000, -2.522956547627780710E-19, -0.000000000000000000 ) ) ;
#1966 = EDGE_CURVE ( 'NONE', #624, #1917, #1115, .T. ) ;
#1967 = CARTESIAN_POINT ( 'NONE',  ( 0.4271497021905815705, -0.5000000000000000000, 2.682973528449859035 ) ) ;
#1968 = EDGE_CURVE ( 'NONE', #154, #1978, #1401, .T. ) ;
#1969 = VERTEX_POINT ( 'NONE', #1462 ) ;
#1970 = LINE ( 'NONE', #2404, #1761 ) ;
#1971 = LINE ( 'NONE', #1343, #967 ) ;
#1972 = CONICAL_SURFACE ( 'NONE', #1652, 3.000000000000000000, 1.047197551196597187 ) ;
#1973 = VERTEX_POINT ( 'NONE', #2595 ) ;
#1974 = AXIS2_PLACEMENT_3D ( 'NONE', #557, #1002, #132 ) ;
#1975 = LINE ( 'NONE', #2885, #2209 ) ;
#1976 = DIRECTION ( 'NONE',  ( 0.000000000000000000, 0.000000000000000000, 1.000000000000000000 ) ) ;
#1977 = AXIS2_PLACEMENT_3D ( 'NONE', #890, #1794, #1591 ) ;
#1978 = VERTEX_POINT ( 'NONE', #1219 ) ;
#1979 = DIRECTION ( 'NONE',  ( 0.000000000000000000, 0.000000000000000000, 1.000000000000000000 ) ) ;
#1980 = CARTESIAN_POINT ( 'NONE',  ( 1.841100000000000181, -0.5000000000000000000, 2.481169109634480563 ) ) ;
#1981 = EDGE_LOOP ( 'NONE', ( #1087, #210, #2072, #2739 ) ) ;
#1982 = FACE_OUTER_BOUND ( 'NONE', #532, .T. ) ;
#1983 = CALENDAR_DATE ( 2026, 10, 5 ) ;
#1984 = CARTESIAN_POINT ( 'NONE',  ( 2.490900000000000336, 0.000000000000000000, 0.000000000000000000 ) ) ;
#1985 = EDGE_CURVE ( 'NONE', #1969, #1203, #2597, .T. ) ;
#1986 = DIRECTION ( 'NONE',  ( -1.000000000000000000, -0.000000000000000000, -0.000000000000000000 ) ) ;
#1987 = DIRECTION ( 'NONE',  ( -1.000000000000000000, -0.000000000000000000, -0.000000000000000000 ) ) ;
#1988 = CIRCLE ( 'NONE', #395, 3.000000000000000000 ) ;
#1989 = VERTEX_POINT ( 'NONE', #2813 ) ;
#1990 = CIRCLE ( 'NONE', #2751, 3.000000000000000000 ) ;
#1991 = CARTESIAN_POINT ( 'NONE',  ( 2.220150000000000290, 0.000000000000000000, 0.000000000000000000 ) ) ;
#1992 = DIRECTION ( 'NONE',  ( 0.000000000000000000, 0.000000000000000000, 1.000000000000000000 ) ) ;
#1993 = EDGE_CURVE ( 'NONE', #2247, #2403, #919, .T. ) ;
#1994 = ORIENTED_EDGE ( 'NONE', *, *, #1999, .T. ) ;
#1995 = DIRECTION ( 'NONE',  ( -1.000000000000000000, -2.522956547627780710E-19, -0.000000000000000000 ) ) ;
#1996 = COORDINATED_UNIVERSAL_TIME_OFFSET ( 8, 0, .AHEAD. ) ;
#1997 = AXIS2_PLACEMENT_3D ( 'NONE', #676, #1795, #227 ) ;
#1998 = DIRECTION ( 'NONE',  ( 0.000000000000000000, 0.000000000000000000, 1.000000000000000000 ) ) ;
#1999 = EDGE_CURVE ( 'NONE', #2269, #1360, #327, .T. ) ;
#2000 = AXIS2_PLACEMENT_3D ( 'NONE', #75, #351, #1222 ) ;
#2001 = B_SPLINE_CURVE_WITH_KNOTS ( 'NONE', 3,
 ( #924, #461, #1160, #1824 ),
 .UNSPECIFIED., .F., .F.,
 ( 4, 4 ),
 ( 0.004096738618064831028, 0.004645112974112289815 ),
 .UNSPECIFIED. ) ;
#2002 = EDGE_CURVE ( 'NONE', #2577, #2129, #1511, .T. ) ;
#2003 = EDGE_CURVE ( 'NONE', #588, #2576, #319, .T. ) ;
#2004 = DIRECTION ( 'NONE',  ( 0.000000000000000000, 0.000000000000000000, 1.000000000000000000 ) ) ;
#2005 = DIRECTION ( 'NONE',  ( 0.000000000000000000, 0.000000000000000000, 1.000000000000000000 ) ) ;
#2006 = ORIENTED_EDGE ( 'NONE', *, *, #1484, .F. ) ;
#2007 = DIRECTION ( 'NONE',  ( 0.000000000000000000, 0.000000000000000000, -1.000000000000000000 ) ) ;
#2008 = CARTESIAN_POINT ( 'NONE',  ( 2.000000000000000444, 0.000000000000000000, 0.000000000000000000 ) ) ;
#2009 = ORIENTED_EDGE ( 'NONE', *, *, #228, .T. ) ;
#2010 = VECTOR ( 'NONE', #2687, 1000.000000000000000 ) ;
#2011 = B_SPLINE_CURVE_WITH_KNOTS ( 'NONE', 3,
 ( #2566, #751, #1394, #320 ),
 .UNSPECIFIED., .F., .F.,
 ( 4, 4 ),
 ( 0.004096738618064831028, 0.004645112974112289815 ),
 .UNSPECIFIED. ) ;
#2012 = CARTESIAN_POINT ( 'NONE',  ( -8.570335710299064047, -7.347638122934263549E-16, 0.000000000000000000 ) ) ;
#2013 = EDGE_CURVE ( 'NONE', #513, #4, #705, .T. ) ;
#2014 = CYLINDRICAL_SURFACE ( 'NONE', #1206, 3.000000000000001332 ) ;
#2015 = ADVANCED_FACE ( 'NONE', ( #2283 ), #2311, .T. ) ;
#2016 = EDGE_CURVE ( 'NONE', #2368, #839, #1469, .T. ) ;
#2017 = EDGE_CURVE ( 'AssemCir', #157, #138, #1081, .T. ) ;
#2018 = CARTESIAN_POINT ( 'NONE',  ( -8.570335710299064047, -7.347638122934263549E-16, 0.000000000000000000 ) ) ;
#2019 = DIRECTION ( 'NONE',  ( 0.000000000000000000, 0.000000000000000000, 1.000000000000000000 ) ) ;
#2020 = AXIS2_PLACEMENT_3D ( 'NONE', #1962, #402, #2871 ) ;
#2021 = ORIENTED_EDGE ( 'NONE', *, *, #1629, .T. ) ;
#2022 = AXIS2_PLACEMENT_3D ( 'NONE', #1565, #2916, #689 ) ;
#2023 = DIRECTION ( 'NONE',  ( -1.000000000000000000, -0.000000000000000000, -0.000000000000000000 ) ) ;
#2024 = CARTESIAN_POINT ( 'NONE',  ( 2.869950000000000223, 3.673940397442059868E-16, -3.000000000000000000 ) ) ;
#2025 = ORIENTED_EDGE ( 'NONE', *, *, #338, .T. ) ;
#2026 = DIRECTION ( 'NONE',  ( 0.4999999999999995004, 1.060575238724907285E-16, 0.8660254037844389297 ) ) ;
#2027 = EDGE_CURVE ( 'NONE', #2529, #990, #1926, .T. ) ;
#2028 = CARTESIAN_POINT ( 'NONE',  ( 4.711050000000000182, 3.673940397442061347E-16, 3.000000000000000888 ) ) ;
#2029 = B_SPLINE_CURVE_WITH_KNOTS ( 'NONE', 3,
 ( #497, #964, #316, #979 ),
 .UNSPECIFIED., .F., .F.,
 ( 4, 4 ),
 ( 0.004096738618064831028, 0.004645112974112289815 ),
 .UNSPECIFIED. ) ;
#2030 = DIRECTION ( 'NONE',  ( 0.000000000000000000, -0.000000000000000000, 1.000000000000000000 ) ) ;
#2031 = CARTESIAN_POINT ( 'NONE',  ( 0.9205500000000000904, -0.5000000000000000000, 2.958039891549808509 ) ) ;
#2032 = DIRECTION ( 'NONE',  ( 0.000000000000000000, 0.000000000000000000, -1.000000000000000000 ) ) ;
#2033 = AXIS2_PLACEMENT_3D ( 'NONE', #626, #2608, #1722 ) ;
#2034 = EDGE_CURVE ( 'NONE', #1180, #105, #1693, .T. ) ;
#2035 = VERTEX_POINT ( 'NONE', #2565 ) ;
#2036 = EDGE_CURVE ( 'NONE', #2154, #942, #229, .T. ) ;
#2037 = DIRECTION ( 'NONE',  ( -1.000000000000000000, -0.000000000000000000, -0.000000000000000000 ) ) ;
#2038 = CARTESIAN_POINT ( 'NONE',  ( 2.111850000000000005, 0.000000000000000000, 0.000000000000000000 ) ) ;
#2039 = VECTOR ( 'NONE', #2106, 1000.000000000000000 ) ;
#2040 = VERTEX_POINT ( 'NONE', #537 ) ;
#2041 = AXIS2_PLACEMENT_3D ( 'NONE', #158, #1060, #1958 ) ;
#2042 = CARTESIAN_POINT ( 'NONE',  ( 11.80000000000000071, -7.296244651076588020E-16, 0.000000000000000000 ) ) ;
#2043 = AXIS2_PLACEMENT_3D ( 'NONE', #389, #637, #358 ) ;
#2044 = DIRECTION ( 'NONE',  ( -1.000000000000000000, -0.000000000000000000, -0.000000000000000000 ) ) ;
#2045 = DIRECTION ( 'NONE',  ( 0.4999999999999995004, 1.060575238724907285E-16, 0.8660254037844389297 ) ) ;
#2046 = AXIS2_PLACEMENT_3D ( 'NONE', #2304, #11, #1842 ) ;
#2047 = ORIENTED_EDGE ( 'NONE', *, *, #2443, .F. ) ;
#2048 = DIRECTION ( 'NONE',  ( 0.000000000000000000, -1.000000000000000000, 0.000000000000000000 ) ) ;
#2049 = LINE ( 'NONE', #954, #1945 ) ;
#2050 = FACE_OUTER_BOUND ( 'NONE', #2364, .T. ) ;
#2051 = ORIENTED_EDGE ( 'NONE', *, *, #1927, .T. ) ;
#2052 = DIRECTION ( 'NONE',  ( -1.000000000000000000, -0.000000000000000000, -0.000000000000000000 ) ) ;
#2053 = CARTESIAN_POINT ( 'NONE',  ( 11.80000000000000071, -2.000000000000001776, 0.000000000000000000 ) ) ;
#2054 = VERTEX_POINT ( 'NONE', #996 ) ;
#2055 = EDGE_CURVE ( 'NONE', #2312, #624, #2846, .T. ) ;
#2056 = CARTESIAN_POINT ( 'NONE',  ( 0.3698513780746375823, 0.5000000000000000000, -2.783805222686511538 ) ) ;
#2057 = EDGE_CURVE ( 'NONE', #2409, #152, #2143, .T. ) ;
#2058 = CONICAL_SURFACE ( 'NONE', #2818, 2.531047243850726769, 1.047197551196598297 ) ;
#2059 = DIRECTION ( 'NONE',  ( 0.000000000000000000, -1.000000000000000000, 0.000000000000000000 ) ) ;
#2060 = ORIENTED_EDGE ( 'NONE', *, *, #656, .T. ) ;
#2061 = CARTESIAN_POINT ( 'NONE',  ( 4.169550000000000090, -3.000000000000000000, 0.000000000000000000 ) ) ;
#2062 = ORIENTED_EDGE ( 'NONE', *, *, #2112, .T. ) ;
#2063 = CARTESIAN_POINT ( 'NONE',  ( 0.1231073104550391567, -0.5000000000000000000, 2.532854162247484275 ) ) ;
#2064 = DIRECTION ( 'NONE',  ( -1.000000000000000000, -0.000000000000000000, -0.000000000000000000 ) ) ;
#2065 = DIRECTION ( 'NONE',  ( 0.000000000000000000, -1.000000000000000000, 0.000000000000000000 ) ) ;
#2066 = ORIENTED_EDGE ( 'NONE', *, *, #764, .T. ) ;
#2067 = ORIENTED_EDGE ( 'NONE', *, *, #2570, .T. ) ;
#2068 = DIRECTION ( 'NONE',  ( 0.000000000000000000, 0.000000000000000000, 1.000000000000000000 ) ) ;
#2069 = APPROVAL ( #1959, '未指定' ) ;
#2070 = DIRECTION ( 'NONE',  ( -1.000000000000000000, -0.000000000000000000, -0.000000000000000000 ) ) ;
#2071 = CIRCLE ( 'NONE', #615, 2.000000000000000888 ) ;
#2072 = ORIENTED_EDGE ( 'NONE', *, *, #338, .F. ) ;
#2073 = AXIS2_PLACEMENT_3D ( 'NONE', #232, #696, #1823 ) ;
#2074 = CARTESIAN_POINT ( 'NONE',  ( 5.469149999999999956, 3.000000000000000000, 3.673940397442061347E-16 ) ) ;
#2075 = ORIENTED_EDGE ( 'NONE', *, *, #125, .F. ) ;
#2076 = DIRECTION ( 'NONE',  ( -1.000000000000000000, -0.000000000000000000, -0.000000000000000000 ) ) ;
#2077 = VERTEX_POINT ( 'NONE', #2581 ) ;
#2078 = DIRECTION ( 'NONE',  ( -1.000000000000000000, -0.000000000000000000, -0.000000000000000000 ) ) ;
#2079 = DIRECTION ( 'NONE',  ( 0.000000000000000000, 0.000000000000000000, 1.000000000000000000 ) ) ;
#2080 = CARTESIAN_POINT ( 'NONE',  ( 1.191300000000000248, 0.5000000000000000000, -2.481169109634480563 ) ) ;
#2081 = ORIENTED_EDGE ( 'NONE', *, *, #2735, .F. ) ;
#2082 = ORIENTED_EDGE ( 'NONE', *, *, #662, .F. ) ;
#2083 = AXIS2_PLACEMENT_3D ( 'NONE', #837, #1535, #823 ) ;
#2084 = DIRECTION ( 'NONE',  ( 0.000000000000000000, 0.000000000000000000, 1.000000000000000000 ) ) ;
#2085 = CARTESIAN_POINT ( 'NONE',  ( 4.819350000000000023, 3.673940397442059868E-16, -3.000000000000000000 ) ) ;
#2086 = EDGE_LOOP ( 'NONE', ( #2484, #1711, #1413, #387, #1885 ) ) ;
#2087 = DIRECTION ( 'NONE',  ( 0.000000000000000000, -1.000000000000000000, 0.000000000000000000 ) ) ;
#2088 = EDGE_CURVE ( 'NONE', #1765, #1108, #2120, .T. ) ;
#2089 = VECTOR ( 'NONE', #1088, 1000.000000000000000 ) ;
#2090 = CIRCLE ( 'NONE', #955, 2.531047243850726769 ) ;
#2091 = CIRCLE ( 'NONE', #2851, 3.000000000000000444 ) ;
#2092 = ORIENTED_EDGE ( 'NONE', *, *, #993, .F. ) ;
#2093 = CARTESIAN_POINT ( 'NONE',  ( 7.418549999999999756, -3.000000000000000000, 0.000000000000000000 ) ) ;
#2094 = AXIS2_PLACEMENT_3D ( 'NONE', #1546, #1798, #462 ) ;
#2095 = CARTESIAN_POINT ( 'NONE',  ( -1.344588522514461539E-16, 0.5000000000000000000, 0.000000000000000000 ) ) ;
#2096 = CARTESIAN_POINT ( 'NONE',  ( 8.750000000000000000, -7.303939668546852517E-16, 0.000000000000000000 ) ) ;
#2097 = AXIS2_PLACEMENT_3D ( 'NONE', #2436, #412, #1312 ) ;
#2098 = EDGE_CURVE ( 'NONE', #990, #2334, #1785, .T. ) ;
#2099 = ORIENTED_EDGE ( 'NONE', *, *, #2765, .F. ) ;
#2100 = ORIENTED_EDGE ( 'NONE', *, *, #882, .F. ) ;
#2101 = CIRCLE ( 'NONE', #1768, 2.531047243850726769 ) ;
#2102 = CARTESIAN_POINT ( 'NONE',  ( 4.169550000000000090, 0.000000000000000000, 0.000000000000000000 ) ) ;
#2103 = CARTESIAN_POINT ( 'NONE',  ( -6.202688672345321772E-19, 2.458499999999999908, 0.000000000000000000 ) ) ;
#2104 = CIRCLE ( 'NONE', #2000, 3.000000000000000444 ) ;
#2105 = VERTEX_POINT ( 'NONE', #1455 ) ;
#2106 = DIRECTION ( 'NONE',  ( 1.000000000000000000, 2.522956547627780710E-19, 0.000000000000000000 ) ) ;
#2107 = VERTEX_POINT ( 'NONE', #2359 ) ;
#2108 = VECTOR ( 'NONE', #2277, 1000.000000000000000 ) ;
#2109 = EDGE_CURVE ( 'NONE', #34, #1702, #1224, .T. ) ;
#2110 = CARTESIAN_POINT ( 'NONE',  ( 6.768749999999999822, 3.000000000000000000, 3.673940397442061347E-16 ) ) ;
#2111 = DIRECTION ( 'NONE',  ( -1.000000000000000000, -2.522956547627780710E-19, -0.000000000000000000 ) ) ;
#2112 = EDGE_CURVE ( 'NONE', #222, #2577, #848, .T. ) ;
#2113 = ORIENTED_EDGE ( 'NONE', *, *, #2536, .F. ) ;
#2114 = ORIENTED_EDGE ( 'NONE', *, *, #2372, .F. ) ;
#2115 = CARTESIAN_POINT ( 'NONE',  ( 1.946961825918359201, -0.5000000000000000000, -2.668009154241876679 ) ) ;
#2116 = LINE ( 'NONE', #2562, #1478 ) ;
#2117 = ORIENTED_EDGE ( 'NONE', *, *, #1187, .T. ) ;
#2118 = CARTESIAN_POINT ( 'NONE',  ( -8.570335710299064047, 3.000000000000000444, 3.673940397442061347E-16 ) ) ;
#2119 = CARTESIAN_POINT ( 'NONE',  ( 0.4271497021905815705, 0.5000000000000000000, -2.682973528449859035 ) ) ;
#2120 = CIRCLE ( 'NONE', #2918, 2.531047243850726769 ) ;
#2121 = ORIENTED_EDGE ( 'NONE', *, *, #1230, .T. ) ;
#2122 = CARTESIAN_POINT ( 'NONE',  ( -8.570335710299064047, -3.000000000000002220, 0.000000000000000000 ) ) ;
#2123 = CONICAL_SURFACE ( 'NONE', #1086, 3.000000000000000000, 1.047197551196597187 ) ;
#2124 = DIRECTION ( 'NONE',  ( 0.000000000000000000, 0.000000000000000000, -1.000000000000000000 ) ) ;
#2125 = CARTESIAN_POINT ( 'NONE',  ( 8.832842712474617386, -7.303730659982992492E-16, 0.000000000000000000 ) ) ;
#2126 = ORIENTED_EDGE ( 'NONE', *, *, #1448, .T. ) ;
#2127 = ORIENTED_EDGE ( 'NONE', *, *, #2764, .F. ) ;
#2128 = CARTESIAN_POINT ( 'NONE',  ( -8.570335710299064047, -7.347638122934263549E-16, 0.000000000000000000 ) ) ;
#2129 = VERTEX_POINT ( 'NONE', #1091 ) ;
#2130 = DIRECTION ( 'NONE',  ( 0.000000000000000000, 0.000000000000000000, 1.000000000000000000 ) ) ;
#2131 = CARTESIAN_POINT ( 'NONE',  ( 6.118949999999999889, 0.000000000000000000, 0.000000000000000000 ) ) ;
#2132 = CARTESIAN_POINT ( 'NONE',  ( -1.344588522514461539E-16, 0.5000000000000000000, -2.407119076821917947 ) ) ;
#2133 = EDGE_LOOP ( 'NONE', ( #411, #415, #998, #286, #976 ) ) ;
#2134 = CYLINDRICAL_SURFACE ( 'NONE', #501, 3.000000000000001332 ) ;
#2135 = AXIS2_PLACEMENT_3D ( 'NONE', #1892, #2314, #2360 ) ;
#2136 = AXIS2_PLACEMENT_3D ( 'NONE', #450, #1763, #199 ) ;
#2137 = DIRECTION ( 'NONE',  ( 1.000000000000000000, 2.522956547628765341E-19, 0.000000000000000000 ) ) ;
#2138 = EDGE_LOOP ( 'NONE', ( #845, #773, #2127, #874, #1912, #235 ) ) ;
#2139 = ORIENTED_EDGE ( 'NONE', *, *, #131, .T. ) ;
#2140 = DIRECTION ( 'NONE',  ( 0.000000000000000000, -1.000000000000000000, -1.224646799147353207E-16 ) ) ;
#2141 = ORIENTED_EDGE ( 'NONE', *, *, #96, .T. ) ;
#2142 = AXIS2_PLACEMENT_3D ( 'NONE', #607, #2464, #2225 ) ;
#2143 = LINE ( 'NONE', #1027, #1315 ) ;
#2144 = CARTESIAN_POINT ( 'NONE',  ( 1.371618128755122790, -0.5000000000000000000, 2.799185446009262002 ) ) ;
#2145 = AXIS2_PLACEMENT_3D ( 'NONE', #1913, #2817, #1654 ) ;
#2146 = EDGE_CURVE ( 'NONE', #1596, #2355, #172, .T. ) ;
#2147 = EDGE_CURVE ( 'NONE', #1596, #64, #2881, .T. ) ;
#2148 = EDGE_CURVE ( 'NONE', #531, #2312, #658, .T. ) ;
#2149 = DIRECTION ( 'NONE',  ( -1.000000000000000000, -0.000000000000000000, -0.000000000000000000 ) ) ;
#2150 = ORIENTED_EDGE ( 'NONE', *, *, #688, .T. ) ;
#2151 =( NAMED_UNIT ( * ) SI_UNIT ( $, .STERADIAN. ) SOLID_ANGLE_UNIT ( ) );
#2152 = CARTESIAN_POINT ( 'NONE',  ( 1.281334957384166584, -0.5000000000000000000, -2.640249144232719392 ) ) ;
#2153 = CIRCLE ( 'NONE', #746, 3.000000000000000444 ) ;
#2154 = VERTEX_POINT ( 'NONE', #2452 ) ;
#2155 = VERTEX_POINT ( 'NONE', #2633 ) ;
#2156 = DIRECTION ( 'NONE',  ( 1.000000000000000000, 2.522956547627780710E-19, 0.000000000000000000 ) ) ;
#2157 = ORIENTED_EDGE ( 'NONE', *, *, #877, .F. ) ;
#2158 = CC_DESIGN_DATE_AND_TIME_ASSIGNMENT ( #605, #1521, ( #1047 ) ) ;
#2159 = DIRECTION ( 'NONE',  ( -1.000000000000000000, -0.000000000000000000, -0.000000000000000000 ) ) ;
#2160 = DIRECTION ( 'NONE',  ( -1.000000000000000000, -0.000000000000000000, -0.000000000000000000 ) ) ;
#2161 = ORIENTED_EDGE ( 'NONE', *, *, #1213, .T. ) ;
#2162 = DIRECTION ( 'NONE',  ( 0.000000000000000000, 0.000000000000000000, 1.000000000000000000 ) ) ;
#2163 = ORIENTED_EDGE ( 'NONE', *, *, #2767, .T. ) ;
#2164 = DATE_TIME_ROLE ( 'creation_date' ) ;
#2165 = AXIS2_PLACEMENT_3D ( 'NONE', #1011, #1908, #2059 ) ;
#2166 = DIRECTION ( 'NONE',  ( -1.000000000000000000, -0.000000000000000000, -0.000000000000000000 ) ) ;
#2168 = EDGE_CURVE ( 'NONE', #752, #1311, #1605, .T. ) ;
#2167 = AXIS2_PLACEMENT_3D ( 'NONE', #2481, #2508, #2525 ) ;
#2169 = EDGE_CURVE ( 'NONE', #699, #719, #1105, .T. ) ;
#2170 = ORIENTED_EDGE ( 'NONE', *, *, #2112, .F. ) ;
#2171 = VERTEX_POINT ( 'NONE', #1529 ) ;
#2172 = DIRECTION ( 'NONE',  ( 1.000000000000000000, 2.522956547627780710E-19, 0.000000000000000000 ) ) ;
#2173 = ORIENTED_EDGE ( 'NONE', *, *, #2477, .F. ) ;
#2174 = CARTESIAN_POINT ( 'NONE',  ( 1.570350000000000135, 0.000000000000000000, 0.000000000000000000 ) ) ;
#2175 = DIRECTION ( 'NONE',  ( -1.000000000000000000, -0.000000000000000000, -0.000000000000000000 ) ) ;
#2176 = ORIENTED_EDGE ( 'NONE', *, *, #131, .F. ) ;
#2177 = APPROVAL_PERSON_ORGANIZATION ( #767, #984, #1237 ) ;
#2178 = FACE_OUTER_BOUND ( 'NONE', #819, .T. ) ;
#2180 = ORIENTED_EDGE ( 'NONE', *, *, #1013, .T. ) ;
#2179 = AXIS2_PLACEMENT_3D ( 'NONE', #2174, #1517, #1955 ) ;
#2181 = APPROVAL_DATE_TIME ( #2668, #984 ) ;
#2182 = DIRECTION ( 'NONE',  ( 0.000000000000000000, 0.000000000000000000, 1.000000000000000000 ) ) ;
#2183 = CIRCLE ( 'NONE', #1290, 3.000000000000000000 ) ;
#2184 = ORIENTED_EDGE ( 'NONE', *, *, #386, .F. ) ;
#2185 = EDGE_CURVE ( 'NONE', #2171, #2422, #1169, .T. ) ;
#2186 = DIRECTION ( 'NONE',  ( 1.000000000000000000, 2.522956547627780710E-19, 0.000000000000000000 ) ) ;
#2187 = AXIS2_PLACEMENT_3D ( 'NONE', #611, #2201, #2646 ) ;
#2188 = DIRECTION ( 'NONE',  ( -1.000000000000000000, -0.000000000000000000, -0.000000000000000000 ) ) ;
#2189 = ORIENTED_EDGE ( 'NONE', *, *, #2533, .F. ) ;
#2190 = AXIS2_PLACEMENT_3D ( 'NONE', #2886, #681, #444 ) ;
#2191 = CARTESIAN_POINT ( 'NONE',  ( -8.570335710299064047, -0.5000000000000000000, 2.958039891549809841 ) ) ;
#2192 = DIRECTION ( 'NONE',  ( 0.000000000000000000, 0.000000000000000000, -1.000000000000000000 ) ) ;
#2193 = ORIENTED_EDGE ( 'NONE', *, *, #782, .T. ) ;
#2194 = AXIS2_PLACEMENT_3D ( 'NONE', #1984, #1281, #2182 ) ;
#2195 = CARTESIAN_POINT ( 'NONE',  ( -1.343327044240647687E-16, -7.326015538338596896E-16, 0.000000000000000000 ) ) ;
#2196 = PERSON_AND_ORGANIZATION_ROLE ( 'creator' ) ;
#2197 = CARTESIAN_POINT ( 'NONE',  ( 1.841100000000000181, -0.5000000000000000000, 2.481169109634480563 ) ) ;
#2198 = ORIENTED_EDGE ( 'NONE', *, *, #646, .F. ) ;
#2199 = ORIENTED_EDGE ( 'NONE', *, *, #820, .T. ) ;
#2200 = FACE_OUTER_BOUND ( 'NONE', #1589, .T. ) ;
#2201 = DIRECTION ( 'NONE',  ( -1.000000000000000000, -0.000000000000000000, -0.000000000000000000 ) ) ;
#2202 = EDGE_CURVE ( 'NONE', #2403, #1249, #1034, .T. ) ;
#2203 = ORIENTED_EDGE ( 'NONE', *, *, #2627, .F. ) ;
#2204 = DIRECTION ( 'NONE',  ( 0.4999999999999995004, 1.060575238724907285E-16, 0.8660254037844389297 ) ) ;
#2205 = DIRECTION ( 'NONE',  ( 1.000000000000000000, 0.000000000000000000, 0.000000000000000000 ) ) ;
#2206 = ORIENTED_EDGE ( 'NONE', *, *, #818, .F. ) ;
#2207 = DIRECTION ( 'NONE',  ( -2.522956547627733524E-19, 1.000000000000000000, -1.776356839400250465E-15 ) ) ;
#2208 = CARTESIAN_POINT ( 'NONE',  ( -1.344588522514461539E-16, 0.5000000000000000000, 2.407119076821917947 ) ) ;
#2209 = VECTOR ( 'NONE', #854, 1000.000000000000000 ) ;
#2210 = DIRECTION ( 'NONE',  ( -1.000000000000000000, 0.000000000000000000, 0.000000000000000000 ) ) ;
#2211 = CIRCLE ( 'NONE', #2167, 3.000000000000000444 ) ;
#2212 = DIRECTION ( 'NONE',  ( 0.000000000000000000, 0.000000000000000000, -1.000000000000000000 ) ) ;
#2213 = DIRECTION ( 'NONE',  ( 0.000000000000000000, 0.000000000000000000, -1.000000000000000000 ) ) ;
#2214 = EDGE_CURVE ( 'NONE', #2591, #798, #889, .T. ) ;
#2215 = AXIS2_PLACEMENT_3D ( 'NONE', #1878, #997, #1662 ) ;
#2216 = ORIENTED_EDGE ( 'NONE', *, *, #1571, .F. ) ;
#2217 = DIRECTION ( 'NONE',  ( 0.000000000000000000, 0.000000000000000000, 1.000000000000000000 ) ) ;
#2218 = CYLINDRICAL_SURFACE ( 'NONE', #1759, 3.000000000000001332 ) ;
#2219 = EDGE_LOOP ( 'NONE', ( #715, #1657, #1335, #1157, #832, #575, #556, #2189, #938 ) ) ;
#2220 = DIRECTION ( 'NONE',  ( -1.000000000000000000, -0.000000000000000000, -0.000000000000000000 ) ) ;
#2221 = COORDINATED_UNIVERSAL_TIME_OFFSET ( 8, 0, .AHEAD. ) ;
#2222 = ADVANCED_FACE ( 'NONE', ( #883 ), #1972, .T. ) ;
#2223 = EDGE_CURVE ( 'NONE', #1665, #1479, #1556, .T. ) ;
#2224 = VECTOR ( 'NONE', #654, 1000.000000000000000 ) ;
#2225 = DIRECTION ( 'NONE',  ( 0.000000000000000000, 0.000000000000000000, 1.000000000000000000 ) ) ;
#2226 = LOCAL_TIME ( 23, 2, 37.00000000000000000, #1996 ) ;
#2227 = CARTESIAN_POINT ( 'NONE',  ( 0.3698513780746371937, -7.325082419382633569E-16, 0.000000000000000000 ) ) ;
#2228 = CARTESIAN_POINT ( 'NONE',  ( 2.761649999999999938, 3.673940397442060361E-16, 3.000000000000000444 ) ) ;
#2229 = AXIS2_PLACEMENT_3D ( 'NONE', #334, #1679, #475 ) ;
#2230 = CIRCLE ( 'NONE', #2515, 2.531047243850726769 ) ;
#2231 = VERTEX_POINT ( 'NONE', #2909 ) ;
#2232 = CIRCLE ( 'NONE', #957, 3.000000000000000000 ) ;
#2233 = EDGE_CURVE ( 'NONE', #2054, #1727, #43, .T. ) ;
#2234 = DIRECTION ( 'NONE',  ( 0.000000000000000000, 0.000000000000000000, -1.000000000000000000 ) ) ;
#2235 = CARTESIAN_POINT ( 'NONE',  ( 2.869950000000000223, 3.673940397442059868E-16, -3.000000000000000000 ) ) ;
#2236 = CIRCLE ( 'NONE', #962, 2.058578643762692728 ) ;
#2237 = VERTEX_POINT ( 'NONE', #1118 ) ;
#2238 = ADVANCED_FACE ( 'NONE', ( #2200 ), #194, .T. ) ;
#2239 = CARTESIAN_POINT ( 'NONE',  ( -8.570335710299064047, -3.000000000000002220, 0.000000000000000000 ) ) ;
#2240 = EDGE_CURVE ( 'NONE', #1433, #1532, #169, .T. ) ;
#2241 = EDGE_CURVE ( 'NONE', #1515, #946, #379, .T. ) ;
#2242 = EDGE_CURVE ( 'NONE', #508, #238, #1125, .T. ) ;
#2243 = AXIS2_PLACEMENT_3D ( 'NONE', #1769, #1728, #1998 ) ;
#2244 = FACE_OUTER_BOUND ( 'NONE', #896, .T. ) ;
#2245 = CARTESIAN_POINT ( 'NONE',  ( 2.869950000000000223, 0.000000000000000000, 0.000000000000000000 ) ) ;
#2246 = DIRECTION ( 'NONE',  ( -1.000000000000000000, -0.000000000000000000, -0.000000000000000000 ) ) ;
#2247 = VERTEX_POINT ( 'NONE', #1079 ) ;
#2248 = DIRECTION ( 'NONE',  ( -1.000000000000000000, -0.000000000000000000, -0.000000000000000000 ) ) ;
#2249 = DIRECTION ( 'NONE',  ( 0.000000000000000000, 0.000000000000000000, 1.000000000000000000 ) ) ;
#2250 = CC_DESIGN_PERSON_AND_ORGANIZATION_ASSIGNMENT ( #2365, #1881, ( #2265 ) ) ;
#2251 = ORIENTED_EDGE ( 'NONE', *, *, #1709, .T. ) ;
#2252 = DIRECTION ( 'NONE',  ( -1.000000000000000000, -0.000000000000000000, -0.000000000000000000 ) ) ;
#2253 = CARTESIAN_POINT ( 'NONE',  ( 3.411449999999999871, 0.000000000000000000, 0.000000000000000000 ) ) ;
#2254 = EDGE_CURVE ( 'NONE', #752, #1316, #1975, .T. ) ;
#2255 = EDGE_CURVE ( 'NONE', #1479, #74, #1505, .T. ) ;
#2256 = CARTESIAN_POINT ( 'NONE',  ( 0.3698513780746373603, -0.5000000000000000000, 2.783805222686511538 ) ) ;
#2257 = CARTESIAN_POINT ( 'NONE',  ( 0.3698513780746371937, 2.828351378074636102, 0.000000000000000000 ) ) ;
#2258 = DIRECTION ( 'NONE',  ( 1.000000000000000000, 0.000000000000000000, 0.000000000000000000 ) ) ;
#2259 = AXIS2_PLACEMENT_3D ( 'NONE', #2125, #1447, #1003 ) ;
#2260 = EDGE_LOOP ( 'NONE', ( #2502, #849, #2051, #2538, #1777 ) ) ;
#2261 = VECTOR ( 'NONE', #2026, 1000.000000000000000 ) ;
#2262 = FACE_OUTER_BOUND ( 'NONE', #694, .T. ) ;
#2263 = DIRECTION ( 'NONE',  ( -1.000000000000000000, -0.000000000000000000, -0.000000000000000000 ) ) ;
#2264 = ORIENTED_EDGE ( 'NONE', *, *, #273, .F. ) ;
#2265 = PRODUCT ( 'GBT_75-1985_M6_12', 'GBT_75-1985_M6_12', '', ( #1427 ) ) ;
#2266 = DIRECTION ( 'NONE',  ( -1.000000000000000000, -0.000000000000000000, -0.000000000000000000 ) ) ;
#2267 = DIRECTION ( 'NONE',  ( 0.000000000000000000, 0.000000000000000000, 1.000000000000000000 ) ) ;
#2268 = CARTESIAN_POINT ( 'NONE',  ( 3.790500000000000203, 3.099638905672523263E-16, 2.531047243850726769 ) ) ;
#2269 = VERTEX_POINT ( 'NONE', #1545 ) ;
#2270 = DIRECTION ( 'NONE',  ( -1.000000000000000000, -0.000000000000000000, -0.000000000000000000 ) ) ;
#2271 = CARTESIAN_POINT ( 'NONE',  ( 1.841100000000000181, 0.000000000000000000, -2.531047243850726769 ) ) ;
#2272 = FACE_OUTER_BOUND ( 'NONE', #1730, .T. ) ;
#2273 = AXIS2_PLACEMENT_3D ( 'NONE', #405, #2401, #2429 ) ;
#2274 = EDGE_CURVE ( 'NONE', #138, #2632, #923, .T. ) ;
#2275 = EDGE_LOOP ( 'NONE', ( #1024, #1936, #502, #2820 ) ) ;
#2276 = EDGE_CURVE ( 'NONE', #1022, #1404, #1695, .T. ) ;
#2277 = DIRECTION ( 'NONE',  ( 0.4999999999999995004, 1.060575238724907285E-16, 0.8660254037844389297 ) ) ;
#2278 = DIRECTION ( 'NONE',  ( -1.000000000000000000, -2.522956547627780710E-19, -0.000000000000000000 ) ) ;
#2279 = CIRCLE ( 'NONE', #2607, 3.000000000000000444 ) ;
#2280 = ORIENTED_EDGE ( 'NONE', *, *, #148, .T. ) ;
#2281 = CIRCLE ( 'NONE', #2330, 3.000000000000000000 ) ;
#2282 = CYLINDRICAL_SURFACE ( 'NONE', #1323, 3.000000000000001332 ) ;
#2283 = FACE_OUTER_BOUND ( 'NONE', #2520, .T. ) ;
#2284 = VERTEX_POINT ( 'NONE', #59 ) ;
#2285 = CYLINDRICAL_SURFACE ( 'NONE', #2903, 3.000000000000001332 ) ;
#2286 = AXIS2_PLACEMENT_3D ( 'NONE', #1235, #233, #2762 ) ;
#2287 = ORIENTED_EDGE ( 'NONE', *, *, #1069, .F. ) ;
#2288 = AXIS2_PLACEMENT_3D ( 'NONE', #841, #852, #2643 ) ;
#2289 = DIRECTION ( 'NONE',  ( 1.000000000000000000, 0.000000000000000000, 0.000000000000000000 ) ) ;
#2290 = CARTESIAN_POINT ( 'NONE',  ( 0.8122500000000001386, -3.000000000000000444, 0.000000000000000000 ) ) ;
#2291 = DIRECTION ( 'NONE',  ( 0.000000000000000000, 0.000000000000000000, 1.000000000000000000 ) ) ;
#2292 = CIRCLE ( 'NONE', #2480, 3.000000000000000000 ) ;
#2293 = ORIENTED_EDGE ( 'NONE', *, *, #1102, .F. ) ;
#2294 = ORIENTED_EDGE ( 'NONE', *, *, #1929, .F. ) ;
#2295 = DIRECTION ( 'NONE',  ( 0.000000000000000000, 0.000000000000000000, 1.000000000000000000 ) ) ;
#2296 = FACE_OUTER_BOUND ( 'NONE', #2138, .T. ) ;
#2297 = EDGE_LOOP ( 'NONE', ( #2075, #2141, #2737, #159, #2170, #1073 ) ) ;
#2298 = CARTESIAN_POINT ( 'NONE',  ( 0.4271500200656432877, -0.5000000000000000000, -2.682972969063846413 ) ) ;
#2299 = CONICAL_SURFACE ( 'NONE', #2486, 3.000000000000000000, 1.047197551196597187 ) ;
#2300 = ORIENTED_EDGE ( 'NONE', *, *, #2760, .F. ) ;
#2301 = CARTESIAN_POINT ( 'NONE',  ( 6.010650000000000048, -3.000000000000000444, 0.000000000000000000 ) ) ;
#2302 = VERTEX_POINT ( 'NONE', #505 ) ;
#2303 = DIRECTION ( 'NONE',  ( 0.000000000000000000, 0.000000000000000000, -1.000000000000000000 ) ) ;
#2304 = CARTESIAN_POINT ( 'NONE',  ( 3.519749999999999712, 0.000000000000000000, 0.000000000000000000 ) ) ;
#2305 = DIRECTION ( 'NONE',  ( 0.000000000000000000, 0.000000000000000000, 1.000000000000000000 ) ) ;
#2306 = ORIENTED_EDGE ( 'NONE', *, *, #2185, .F. ) ;
#2307 = EDGE_LOOP ( 'NONE', ( #2100, #793, #1434, #2354 ) ) ;
#2308 = EDGE_CURVE ( 'NONE', #1197, #135, #708, .T. ) ;
#2309 = DIRECTION ( 'NONE',  ( -1.000000000000000000, -0.000000000000000000, -0.000000000000000000 ) ) ;
#2310 = DIRECTION ( 'NONE',  ( 0.000000000000000000, 0.000000000000000000, 1.000000000000000000 ) ) ;
#2311 = CONICAL_SURFACE ( 'NONE', #2498, 2.531047243850726769, 1.047197551196598297 ) ;
#2312 = VERTEX_POINT ( 'NONE', #486 ) ;
#2313 = CIRCLE ( 'NONE', #1037, 2.828351378074637434 ) ;
#2314 = DIRECTION ( 'NONE',  ( -1.000000000000000000, -0.000000000000000000, -0.000000000000000000 ) ) ;
#2315 = ADVANCED_FACE ( 'NONE', ( #295 ), #520, .F. ) ;
#2316 = ORIENTED_EDGE ( 'NONE', *, *, #2443, .T. ) ;
#2317 = CARTESIAN_POINT ( 'NONE',  ( -8.570335710299064047, -7.347638122934263549E-16, 0.000000000000000000 ) ) ;
#2318 = ADVANCED_FACE ( 'NONE', ( #1809 ), #422, .T. ) ;
#2319 = EDGE_CURVE ( 'NONE', #2383, #2107, #2598, .T. ) ;
#2320 = DIRECTION ( 'NONE',  ( 0.000000000000000000, 0.000000000000000000, 1.000000000000000000 ) ) ;
#2321 = FACE_OUTER_BOUND ( 'NONE', #559, .T. ) ;
#2322 = EDGE_LOOP ( 'NONE', ( #1631, #856, #2323, #249, #1365, #1575 ) ) ;
#2323 = ORIENTED_EDGE ( 'NONE', *, *, #1544, .T. ) ;
#2324 = AXIS2_PLACEMENT_3D ( 'NONE', #1703, #1937, #1274 ) ;
#2325 = CARTESIAN_POINT ( 'NONE',  ( 1.893987310280776049, -0.5000000000000000000, -2.574614093601932385 ) ) ;
#2326 = FACE_OUTER_BOUND ( 'NONE', #580, .T. ) ;
#2327 = ADVANCED_FACE ( 'NONE', ( #2723 ), #1562, .T. ) ;
#2328 = ORIENTED_EDGE ( 'NONE', *, *, #2706, .F. ) ;
#2329 = CARTESIAN_POINT ( 'NONE',  ( -8.570335710299064047, -7.347638122934263549E-16, 0.000000000000000000 ) ) ;
#2330 = AXIS2_PLACEMENT_3D ( 'NONE', #1260, #1520, #2162 ) ;
#2331 = EDGE_CURVE ( 'NONE', #699, #105, #1112, .T. ) ;
#2332 = CIRCLE ( 'NONE', #1337, 2.806270117173421674 ) ;
#2333 = AXIS2_PLACEMENT_3D ( 'NONE', #170, #137, #1068 ) ;
#2334 = VERTEX_POINT ( 'NONE', #1597 ) ;
#2335 = EDGE_CURVE ( 'NONE', #1404, #1022, #2553, .T. ) ;
#2336 = VECTOR ( 'NONE', #2763, 1000.000000000000000 ) ;
#2337 = LINE ( 'NONE', #1238, #1812 ) ;
#2338 = CARTESIAN_POINT ( 'NONE',  ( 7.418549999999999756, 0.000000000000000000, 3.000000000000000000 ) ) ;
#2339 = ORIENTED_EDGE ( 'NONE', *, *, #2214, .T. ) ;
#2340 = ORIENTED_EDGE ( 'NONE', *, *, #2570, .F. ) ;
#2341 = CONICAL_SURFACE ( 'NONE', #1997, 2.531047243850726769, 1.047197551196598297 ) ;
#2342 = CARTESIAN_POINT ( 'NONE',  ( 7.689299999999999358, 0.000000000000000000, 0.000000000000000000 ) ) ;
#2343 = CYLINDRICAL_SURFACE ( 'NONE', #2379, 3.000000000000001332 ) ;
#2344 = ORIENTED_EDGE ( 'NONE', *, *, #799, .F. ) ;
#2345 = DIRECTION ( 'NONE',  ( 0.000000000000000000, 0.000000000000000000, -1.000000000000000000 ) ) ;
#2346 = CARTESIAN_POINT ( 'NONE',  ( 4.169550000000000090, 3.673940397442059868E-16, -3.000000000000000000 ) ) ;
#2347 = VERTEX_POINT ( 'NONE', #741 ) ;
#2348 = CARTESIAN_POINT ( 'NONE',  ( 2.220150000000000290, 0.000000000000000000, 3.000000000000000000 ) ) ;
#2349 = CONICAL_SURFACE ( 'NONE', #1683, 2.531047243850726769, 1.047197551196598297 ) ;
#2350 = EDGE_CURVE ( 'NONE', #2558, #946, #2540, .T. ) ;
#2351 = DIRECTION ( 'NONE',  ( 0.000000000000000000, -1.000000000000000000, 0.000000000000000000 ) ) ;
#2352 = DIRECTION ( 'NONE',  ( 0.000000000000000000, -1.000000000000000000, 0.000000000000000000 ) ) ;
#2353 = EDGE_CURVE ( 'NONE', #946, #2665, #284, .T. ) ;
#2354 = ORIENTED_EDGE ( 'NONE', *, *, #1120, .F. ) ;
#2355 = VERTEX_POINT ( 'NONE', #939 ) ;
#2356 = DIRECTION ( 'NONE',  ( 0.000000000000000000, 0.000000000000000000, -1.000000000000000000 ) ) ;
#2357 = CARTESIAN_POINT ( 'NONE',  ( 6.768749999999999822, 0.000000000000000000, 0.000000000000000000 ) ) ;
#2358 = ORIENTED_EDGE ( 'NONE', *, *, #456, .T. ) ;
#2359 = CARTESIAN_POINT ( 'NONE',  ( 7.689299999999999358, 3.305248770883700663E-16, 2.531047243850726769 ) ) ;
#2360 = DIRECTION ( 'NONE',  ( 0.000000000000000000, 0.000000000000000000, 1.000000000000000000 ) ) ;
#2361 = VECTOR ( 'NONE', #1067, 1000.000000000000000 ) ;
#2362 = AXIS2_PLACEMENT_3D ( 'NONE', #26, #1857, #1367 ) ;
#2363 = CARTESIAN_POINT ( 'NONE',  ( 1.570350000000000135, -3.000000000000000000, 0.000000000000000000 ) ) ;
#2364 = EDGE_LOOP ( 'NONE', ( #317, #492, #2082, #1121 ) ) ;
#2365 = PERSON_AND_ORGANIZATION ( #1771, #2559 ) ;
#2366 = CARTESIAN_POINT ( 'NONE',  ( 5.739900000000000446, 0.000000000000000000, 0.000000000000000000 ) ) ;
#2367 = EDGE_LOOP ( 'NONE', ( #1124, #548, #268, #1845, #1397, #594 ) ) ;
#2368 = VERTEX_POINT ( 'NONE', #1176 ) ;
#2369 = CARTESIAN_POINT ( 'NONE',  ( -8.570335710299064047, 3.000000000000000444, 3.673940397442061347E-16 ) ) ;
#2370 = EDGE_CURVE ( 'NONE', #262, #649, #2211, .T. ) ;
#2371 = ADVANCED_FACE ( 'NONE', ( #263 ), #1085, .T. ) ;
#2372 = EDGE_CURVE ( 'NONE', #1486, #152, #2727, .T. ) ;
#2373 = ORIENTED_EDGE ( 'NONE', *, *, #2027, .T. ) ;
#2374 = CARTESIAN_POINT ( 'NONE',  ( 6.768749999999999822, 0.000000000000000000, 0.000000000000000000 ) ) ;
#2375 = DIRECTION ( 'NONE',  ( -1.000000000000000000, -0.000000000000000000, -0.000000000000000000 ) ) ;
#2376 = FACE_OUTER_BOUND ( 'NONE', #915, .T. ) ;
#2377 = ORIENTED_EDGE ( 'NONE', *, *, #2202, .F. ) ;
#2378 = DIRECTION ( 'NONE',  ( -1.000000000000000000, -2.522956547627780710E-19, -0.000000000000000000 ) ) ;
#2379 = AXIS2_PLACEMENT_3D ( 'NONE', #1659, #2514, #718 ) ;
#2380 = AXIS2_PLACEMENT_3D ( 'NONE', #1480, #2156, #2399 ) ;
#2381 = DIRECTION ( 'NONE',  ( 0.000000000000000000, 0.000000000000000000, 1.000000000000000000 ) ) ;
#2382 = AXIS2_PLACEMENT_3D ( 'NONE', #476, #2246, #2019 ) ;
#2383 = VERTEX_POINT ( 'NONE', #1626 ) ;
#2384 = ORIENTED_EDGE ( 'NONE', *, *, #740, .F. ) ;
#2385 = DIRECTION ( 'NONE',  ( 0.000000000000000000, 0.000000000000000000, -1.000000000000000000 ) ) ;
#2386 = VERTEX_POINT ( 'NONE', #1399 ) ;
#2387 = CIRCLE ( 'NONE', #257, 3.000000000000000444 ) ;
#2388 = CARTESIAN_POINT ( 'NONE',  ( 0.5415000000000003144, 0.5000000000000000000, 2.481169109634480563 ) ) ;
#2389 = DIRECTION ( 'NONE',  ( -1.000000000000000000, -0.000000000000000000, -0.000000000000000000 ) ) ;
#2390 = AXIS2_PLACEMENT_3D ( 'NONE', #1031, #308, #2804 ) ;
#2391 = ORIENTED_EDGE ( 'NONE', *, *, #1428, .F. ) ;
#2392 = EDGE_CURVE ( 'NONE', #64, #2077, #2313, .T. ) ;
#2393 = CARTESIAN_POINT ( 'NONE',  ( 4.169550000000000090, 0.000000000000000000, 3.000000000000000000 ) ) ;
#2394 = ORIENTED_EDGE ( 'NONE', *, *, #1649, .F. ) ;
#2395 = COORDINATED_UNIVERSAL_TIME_OFFSET ( 8, 0, .AHEAD. ) ;
#2396 = FACE_OUTER_BOUND ( 'NONE', #1259, .T. ) ;
#2397 = DIRECTION ( 'NONE',  ( 0.000000000000000000, 0.000000000000000000, 1.000000000000000000 ) ) ;
#2398 = ORIENTED_EDGE ( 'NONE', *, *, #57, .T. ) ;
#2399 = DIRECTION ( 'NONE',  ( 0.000000000000000000, -1.000000000000000000, 0.000000000000000000 ) ) ;
#2400 = ORIENTED_EDGE ( 'NONE', *, *, #2146, .F. ) ;
#2401 = DIRECTION ( 'NONE',  ( -1.000000000000000000, -0.000000000000000000, -0.000000000000000000 ) ) ;
#2402 = CARTESIAN_POINT ( 'NONE',  ( 7.883166363935080412, -7.306126652144666943E-16, 0.000000000000000000 ) ) ;
#2403 = VERTEX_POINT ( 'NONE', #1193 ) ;
#2404 = CARTESIAN_POINT ( 'NONE',  ( -8.570335710299064047, 3.000000000000000444, 3.673940397442061347E-16 ) ) ;
#2405 = ORIENTED_EDGE ( 'NONE', *, *, #325, .F. ) ;
#2406 = AXIS2_PLACEMENT_3D ( 'NONE', #1363, #2720, #482 ) ;
#2407 = B_SPLINE_CURVE_WITH_KNOTS ( 'NONE', 3,
 ( #1072, #2876, #1967, #2609 ),
 .UNSPECIFIED., .F., .F.,
 ( 4, 4 ),
 ( 0.01018169967278266530, 0.01053114974747304533 ),
 .UNSPECIFIED. ) ;
#2408 = DIRECTION ( 'NONE',  ( 0.000000000000000000, 0.000000000000000000, 1.000000000000000000 ) ) ;
#2409 = VERTEX_POINT ( 'NONE', #680 ) ;
#2410 = DIRECTION ( 'NONE',  ( -1.000000000000000000, -0.000000000000000000, -0.000000000000000000 ) ) ;
#2411 = CARTESIAN_POINT ( 'NONE',  ( 3.519749999999999712, 3.000000000000000000, 3.673940397442061347E-16 ) ) ;
#2412 = ORIENTED_EDGE ( 'NONE', *, *, #251, .F. ) ;
#2413 = CARTESIAN_POINT ( 'NONE',  ( 7.039499999999999424, 0.000000000000000000, 0.000000000000000000 ) ) ;
#2414 = DIRECTION ( 'NONE',  ( 0.000000000000000000, 0.000000000000000000, 1.000000000000000000 ) ) ;
#2415 = ORIENTED_EDGE ( 'NONE', *, *, #2254, .F. ) ;
#2416 = B_SPLINE_CURVE_WITH_KNOTS ( 'NONE', 3,
 ( #2602, #2556, #2833, #787 ),
 .UNSPECIFIED., .F., .F.,
 ( 4, 4 ),
 ( 0.01018169967278266530, 0.01073247566019568111 ),
 .UNSPECIFIED. ) ;
#2417 = CARTESIAN_POINT ( 'NONE',  ( 4.711050000000000182, 0.000000000000000000, -3.000000000000000888 ) ) ;
#2418 = CIRCLE ( 'NONE', #1048, 3.000000000000000000 ) ;
#2419 = FACE_OUTER_BOUND ( 'NONE', #515, .T. ) ;
#2420 = EDGE_CURVE ( 'NONE', #1989, #1451, #1831, .T. ) ;
#2421 = AXIS2_PLACEMENT_3D ( 'NONE', #600, #2649, #627 ) ;
#2422 = VERTEX_POINT ( 'NONE', #119 ) ;
#2423 = AXIS2_PLACEMENT_3D ( 'NONE', #827, #408, #840 ) ;
#2424 = ORIENTED_EDGE ( 'NONE', *, *, #602, .F. ) ;
#2425 = DIRECTION ( 'NONE',  ( 0.000000000000000000, 0.000000000000000000, 1.000000000000000000 ) ) ;
#2426 = CIRCLE ( 'NONE', #206, 3.000000000000000444 ) ;
#2427 = CARTESIAN_POINT ( 'NONE',  ( 7.883166363935080412, -7.306126652144666943E-16, 0.000000000000000000 ) ) ;
#2428 = EDGE_LOOP ( 'NONE', ( #1163, #2316, #1252, #790, #14 ) ) ;
#2429 = DIRECTION ( 'NONE',  ( 0.000000000000000000, 0.000000000000000000, 1.000000000000000000 ) ) ;
#2430 = CARTESIAN_POINT ( 'NONE',  ( 1.462050000000000072, -0.5000000000000000000, 2.958039891549808953 ) ) ;
#2431 = EDGE_LOOP ( 'NONE', ( #2340, #2887, #2199, #1672, #277 ) ) ;
#2432 = CIRCLE ( 'NONE', #2288, 3.000000000000000000 ) ;
#2433 = CARTESIAN_POINT ( 'NONE',  ( 5.090100000000000513, 0.000000000000000000, 0.000000000000000000 ) ) ;
#2434 = DIRECTION ( 'NONE',  ( -1.000000000000000000, -0.000000000000000000, -0.000000000000000000 ) ) ;
#2435 = ORIENTED_EDGE ( 'NONE', *, *, #665, .T. ) ;
#2436 = CARTESIAN_POINT ( 'NONE',  ( 12.00000000000000000, 4.898587196589413815E-16, 0.000000000000000000 ) ) ;
#2437 = CARTESIAN_POINT ( 'NONE',  ( 1.570350000000000135, -0.5000000000000000000, -2.958039891549808509 ) ) ;
#2438 = LINE ( 'NONE', #1557, #864 ) ;
#2439 = CIRCLE ( 'NONE', #695, 3.000000000000000000 ) ;
#2440 = ORIENTED_EDGE ( 'NONE', *, *, #2016, .T. ) ;
#2441 = FACE_OUTER_BOUND ( 'NONE', #1251, .T. ) ;
#2442 = DIRECTION ( 'NONE',  ( 0.000000000000000000, 0.000000000000000000, 1.000000000000000000 ) ) ;
#2443 = EDGE_CURVE ( 'NONE', #2154, #2171, #1494, .T. ) ;
#2444 = ORIENTED_EDGE ( 'NONE', *, *, #118, .F. ) ;
#2445 = DIRECTION ( 'NONE',  ( 0.000000000000000000, 0.000000000000000000, 1.000000000000000000 ) ) ;
#2446 = PERSON_AND_ORGANIZATION ( #1771, #2559 ) ;
#2447 = CARTESIAN_POINT ( 'NONE',  ( 5.090100000000000513, 3.386789651557291319E-16, -2.531047243850726769 ) ) ;
#2448 = AXIS2_PLACEMENT_3D ( 'NONE', #343, #22, #2490 ) ;
#2449 = ORIENTED_EDGE ( 'NONE', *, *, #2477, .T. ) ;
#2450 = EDGE_CURVE ( 'NONE', #1451, #1188, #813, .T. ) ;
#2451 = AXIS2_PLACEMENT_3D ( 'NONE', #2495, #245, #2048 ) ;
#2452 = CARTESIAN_POINT ( 'NONE',  ( 6.389699999999999491, 0.000000000000000000, 2.531047243850726769 ) ) ;
#2453 = FACE_OUTER_BOUND ( 'NONE', #97, .T. ) ;
#2454 = CONICAL_SURFACE ( 'NONE', #1833, 3.000000000000000000, 1.047197551196597187 ) ;
#2455 = ORIENTED_EDGE ( 'NONE', *, *, #688, .F. ) ;
#2456 = DIRECTION ( 'NONE',  ( -1.000000000000000000, -0.000000000000000000, -0.000000000000000000 ) ) ;
#2457 = EDGE_CURVE ( 'NONE', #1311, #752, #1321, .T. ) ;
#2458 = CARTESIAN_POINT ( 'NONE',  ( -1.342065565966833835E-16, -0.5000000000000000000, -2.407119076821918391 ) ) ;
#2459 = ADVANCED_FACE ( 'NONE', ( #2396 ), #2683, .T. ) ;
#2460 = EDGE_CURVE ( 'NONE', #477, #2386, #786, .T. ) ;
#2461 = ORIENTED_EDGE ( 'NONE', *, *, #1966, .T. ) ;
#2462 = DIRECTION ( 'NONE',  ( 1.000000000000000000, 0.000000000000000000, 0.000000000000000000 ) ) ;
#2463 = CIRCLE ( 'NONE', #1186, 3.000000000000000444 ) ;
#2464 = DIRECTION ( 'NONE',  ( -1.000000000000000000, -0.000000000000000000, -0.000000000000000000 ) ) ;
#2465 = EDGE_LOOP ( 'NONE', ( #2812, #2067, #1332, #1903, #1964 ) ) ;
#2466 = DIRECTION ( 'NONE',  ( 0.000000000000000000, 0.000000000000000000, 1.000000000000000000 ) ) ;
#2467 = CARTESIAN_POINT ( 'NONE',  ( 1.191300000000000248, -0.5000000000000000000, 2.481169109634480563 ) ) ;
#2468 = CIRCLE ( 'NONE', #2423, 3.000000000000000000 ) ;
#2469 = ORIENTED_EDGE ( 'NONE', *, *, #606, .T. ) ;
#2470 = CIRCLE ( 'NONE', #825, 3.000000000000000444 ) ;
#2471 = DIRECTION ( 'NONE',  ( 1.000000000000000000, 0.000000000000000000, 0.000000000000000000 ) ) ;
#2472 = CARTESIAN_POINT ( 'NONE',  ( 0.1231073104550395592, 0.5000000000000000000, 2.532854162247483831 ) ) ;
#2473 = AXIS2_PLACEMENT_3D ( 'NONE', #2096, #1884, #78 ) ;
#2474 = ORIENTED_EDGE ( 'NONE', *, *, #1999, .F. ) ;
#2475 = VECTOR ( 'NONE', #1911, 1000.000000000000000 ) ;
#2476 = FACE_OUTER_BOUND ( 'NONE', #1148, .T. ) ;
#2477 = EDGE_CURVE ( 'NONE', #1727, #124, #2416, .T. ) ;
#2478 = ADVANCED_FACE ( 'NONE', ( #529 ), #914, .T. ) ;
#2479 = DIRECTION ( 'NONE',  ( 0.000000000000000000, -1.000000000000000000, 0.000000000000000000 ) ) ;
#2480 = AXIS2_PLACEMENT_3D ( 'NONE', #102, #115, #1444 ) ;
#2481 = CARTESIAN_POINT ( 'NONE',  ( 4.711050000000000182, 0.000000000000000000, 0.000000000000000000 ) ) ;
#2482 = DIRECTION ( 'NONE',  ( 0.000000000000000000, 0.000000000000000000, -1.000000000000000000 ) ) ;
#2483 = CARTESIAN_POINT ( 'NONE',  ( 1.191300000000000248, 0.000000000000000000, 0.000000000000000000 ) ) ;
#2484 = ORIENTED_EDGE ( 'NONE', *, *, #1664, .F. ) ;
#2485 = CARTESIAN_POINT ( 'NONE',  ( 5.469149999999999956, 0.000000000000000000, 0.000000000000000000 ) ) ;
#2486 = AXIS2_PLACEMENT_3D ( 'NONE', #211, #2052, #1560 ) ;
#2487 = CARTESIAN_POINT ( 'NONE',  ( 2.220150000000000290, 3.673940397442059868E-16, -3.000000000000000000 ) ) ;
#2488 = ORIENTED_EDGE ( 'NONE', *, *, #2893, .T. ) ;
#2489 = DIRECTION ( 'NONE',  ( 1.000000000000000000, 0.000000000000000000, 0.000000000000000000 ) ) ;
#2490 = DIRECTION ( 'NONE',  ( 0.000000000000000000, 0.000000000000000000, 1.000000000000000000 ) ) ;
#2491 = DIRECTION ( 'NONE',  ( 0.000000000000000000, -1.000000000000000000, 0.000000000000000000 ) ) ;
#2492 = ADVANCED_FACE ( 'NONE', ( #572 ), #337, .T. ) ;
#2493 = EDGE_CURVE ( 'NONE', #731, #2494, #2101, .T. ) ;
#2494 = VERTEX_POINT ( 'NONE', #1430 ) ;
#2495 = CARTESIAN_POINT ( 'NONE',  ( 11.80000000000000071, -7.296244651076588020E-16, 0.000000000000000000 ) ) ;
#2496 = CARTESIAN_POINT ( 'NONE',  ( 1.841100000000000181, -0.5000000000000000000, -2.481169109634480563 ) ) ;
#2497 = CARTESIAN_POINT ( 'NONE',  ( 3.519749999999999712, 0.000000000000000000, 0.000000000000000000 ) ) ;
#2498 = AXIS2_PLACEMENT_3D ( 'NONE', #259, #99, #2345 ) ;
#2499 = ORIENTED_EDGE ( 'NONE', *, *, #1523, .T. ) ;
#2500 = CARTESIAN_POINT ( 'NONE',  ( 4.819350000000000023, 0.000000000000000000, 0.000000000000000000 ) ) ;
#2501 = CARTESIAN_POINT ( 'NONE',  ( -8.570335710299064047, -7.347638122934263549E-16, 0.000000000000000000 ) ) ;
#2502 = ORIENTED_EDGE ( 'NONE', *, *, #1718, .F. ) ;
#2503 = DIRECTION ( 'NONE',  ( 0.000000000000000000, -1.000000000000000000, 0.000000000000000000 ) ) ;
#2504 = CARTESIAN_POINT ( 'NONE',  ( 1.371618128755122790, 0.5000000000000000000, -2.799185446009262002 ) ) ;
#2505 = ORIENTED_EDGE ( 'NONE', *, *, #1890, .T. ) ;
#2506 = CARTESIAN_POINT ( 'NONE',  ( 3.519749999999999712, 0.000000000000000000, 3.000000000000000000 ) ) ;
#2507 = ORIENTED_EDGE ( 'NONE', *, *, #960, .F. ) ;
#2508 = DIRECTION ( 'NONE',  ( -1.000000000000000000, -0.000000000000000000, -0.000000000000000000 ) ) ;
#2509 = DIRECTION ( 'NONE',  ( -1.000000000000000000, -0.000000000000000000, -0.000000000000000000 ) ) ;
#2510 = CARTESIAN_POINT ( 'NONE',  ( 6.118949999999999889, 0.000000000000000000, 3.000000000000000000 ) ) ;
#2511 = ORIENTED_EDGE ( 'NONE', *, *, #273, .T. ) ;
#2512 = VERTEX_POINT ( 'NONE', #323 ) ;
#2513 = DIRECTION ( 'NONE',  ( 0.000000000000000000, 0.000000000000000000, 1.000000000000000000 ) ) ;
#2514 = DIRECTION ( 'NONE',  ( -1.000000000000000000, -2.522956547627780710E-19, -0.000000000000000000 ) ) ;
#2515 = AXIS2_PLACEMENT_3D ( 'NONE', #1056, #2596, #1502 ) ;
#2516 = ORIENTED_EDGE ( 'NONE', *, *, #2894, .F. ) ;
#2517 = EDGE_CURVE ( 'NONE', #2040, #1973, #2337, .T. ) ;
#2518 = FACE_OUTER_BOUND ( 'NONE', #643, .T. ) ;
#2519 = AXIS2_PLACEMENT_3D ( 'NONE', #248, #2726, #664 ) ;
#2520 = EDGE_LOOP ( 'NONE', ( #1035, #364, #108, #177, #2344 ) ) ;
#2521 = CARTESIAN_POINT ( 'NONE',  ( 1.462050000000000072, 0.000000000000000000, 0.000000000000000000 ) ) ;
#2522 = ORIENTED_EDGE ( 'NONE', *, *, #2017, .F. ) ;
#2523 = CIRCLE ( 'NONE', #1442, 3.000000000000000444 ) ;
#2524 = ADVANCED_FACE ( 'NONE', ( #1871 ), #451, .T. ) ;
#2525 = DIRECTION ( 'NONE',  ( 0.000000000000000000, 0.000000000000000000, 1.000000000000000000 ) ) ;
#2526 = DIRECTION ( 'NONE',  ( -1.000000000000000000, -0.000000000000000000, -0.000000000000000000 ) ) ;
#2527 = FACE_OUTER_BOUND ( 'NONE', #429, .T. ) ;
#2528 = VECTOR ( 'NONE', #1414, 1000.000000000000000 ) ;
#2529 = VERTEX_POINT ( 'NONE', #2110 ) ;
#2530 = ORIENTED_EDGE ( 'NONE', *, *, #579, .F. ) ;
#2531 = CARTESIAN_POINT ( 'NONE',  ( 4.061249999999999361, 0.000000000000000000, 0.000000000000000000 ) ) ;
#2532 = CARTESIAN_POINT ( 'NONE',  ( 6.768749999999999822, 0.000000000000000000, 0.000000000000000000 ) ) ;
#2533 = EDGE_CURVE ( 'NONE', #1648, #2105, #1205, .T. ) ;
#2534 = ORIENTED_EDGE ( 'NONE', *, *, #974, .T. ) ;
#2535 = EDGE_CURVE ( 'NONE', #2107, #1924, #353, .T. ) ;
#2536 = EDGE_CURVE ( 'NONE', #81, #521, #2707, .T. ) ;
#2537 = LINE ( 'NONE', #932, #2564 ) ;
#2538 = ORIENTED_EDGE ( 'NONE', *, *, #1448, .F. ) ;
#2539 = FACE_OUTER_BOUND ( 'NONE', #2297, .T. ) ;
#2540 = LINE ( 'NONE', #1129, #192 ) ;
#2541 = DIRECTION ( 'NONE',  ( -1.000000000000000000, -0.000000000000000000, -0.000000000000000000 ) ) ;
#2542 = EDGE_CURVE ( 'NONE', #2054, #1665, #442, .T. ) ;
#2543 = ORIENTED_EDGE ( 'NONE', *, *, #1014, .F. ) ;
#2544 = EDGE_LOOP ( 'NONE', ( #931, #724, #181, #1162, #136, #2184 ) ) ;
#2545 = CARTESIAN_POINT ( 'NONE',  ( 0.8122500000000001386, 0.5000000000000000000, 2.958039891549808953 ) ) ;
#2546 = LINE ( 'NONE', #2103, #2896 ) ;
#2547 = EDGE_CURVE ( 'NONE', #2383, #1249, #2789, .T. ) ;
#2548 = VECTOR ( 'NONE', #2186, 1000.000000000000000 ) ;
#2549 = B_SPLINE_CURVE_WITH_KNOTS ( 'NONE', 3,
 ( #2753, #2298, #554, #1204 ),
 .UNSPECIFIED., .F., .F.,
 ( 4, 4 ),
 ( 0.004297185611151227956, 0.004645112974112289815 ),
 .UNSPECIFIED. ) ;
#2550 = ORIENTED_EDGE ( 'NONE', *, *, #2450, .T. ) ;
#2551 = EDGE_CURVE ( 'NONE', #1707, #1750, #592, .T. ) ;
#2552 = ADVANCED_FACE ( 'NONE', ( #149 ), #174, .T. ) ;
#2553 = CIRCLE ( 'NONE', #2451, 2.000000000000000888 ) ;
#2554 = CARTESIAN_POINT ( 'NONE',  ( -8.570335710299064047, 3.000000000000000444, 3.673940397442061347E-16 ) ) ;
#2555 = EDGE_LOOP ( 'NONE', ( #1844, #2600, #2639, #2728, #574 ) ) ;
#2556 = CARTESIAN_POINT ( 'NONE',  ( 1.101265042615834133, -0.5000000000000000000, 2.640249144232718947 ) ) ;
#2557 = CARTESIAN_POINT ( 'NONE',  ( 1.841100000000000181, 0.5000000000000000000, -2.481169109634480563 ) ) ;
#2558 = VERTEX_POINT ( 'NONE', #2447 ) ;
#2559 = ORGANIZATION ( '未指定', '未指定', '' ) ;
#2560 = EDGE_LOOP ( 'NONE', ( #272, #404, #328, #145, #547, #2722 ) ) ;
#2561 = DIRECTION ( 'NONE',  ( 1.000000000000000000, 0.000000000000000000, 0.000000000000000000 ) ) ;
#2562 = CARTESIAN_POINT ( 'NONE',  ( -8.570335710299064047, -3.000000000000002220, 0.000000000000000000 ) ) ;
#2563 = ORIENTED_EDGE ( 'NONE', *, *, #2002, .T. ) ;
#2564 = VECTOR ( 'NONE', #514, 1000.000000000000000 ) ;
#2565 = CARTESIAN_POINT ( 'NONE',  ( 4.711050000000000182, 3.000000000000000444, 3.673940397442061347E-16 ) ) ;
#2566 = CARTESIAN_POINT ( 'NONE',  ( 1.570350000000000135, 0.5000000000000000000, 2.958039891549808509 ) ) ;
#2567 = CIRCLE ( 'NONE', #2229, 2.531047243850726769 ) ;
#2568 = EDGE_CURVE ( 'NONE', #950, #1387, #1064, .T. ) ;
#2569 = AXIS2_PLACEMENT_3D ( 'NONE', #523, #944, #2084 ) ;
#2570 = EDGE_CURVE ( 'NONE', #752, #2835, #1077, .T. ) ;
#2571 = ORIENTED_EDGE ( 'NONE', *, *, #668, .T. ) ;
#2572 = DIRECTION ( 'NONE',  ( -1.000000000000000000, -0.000000000000000000, -0.000000000000000000 ) ) ;
#2573 = AXIS2_PLACEMENT_3D ( 'NONE', #1211, #2111, #546 ) ;
#2574 = DIRECTION ( 'NONE',  ( 0.4999999999999995004, 0.000000000000000000, -0.8660254037844389297 ) ) ;
#2575 = CYLINDRICAL_SURFACE ( 'NONE', #590, 3.000000000000001332 ) ;
#2576 = VERTEX_POINT ( 'NONE', #1046 ) ;
#2577 = VERTEX_POINT ( 'NONE', #2630 ) ;
#2578 = CARTESIAN_POINT ( 'NONE',  ( 2.000000000000000444, 0.5000000000000000000, -2.761367771692233131 ) ) ;
#2579 = DIRECTION ( 'NONE',  ( 0.000000000000000000, 0.000000000000000000, 1.000000000000000000 ) ) ;
#2580 = VERTEX_POINT ( 'NONE', #1554 ) ;
#2581 = CARTESIAN_POINT ( 'NONE',  ( 0.3698513780746375823, 0.5000000000000000000, -2.783805222686511538 ) ) ;
#2582 = DIRECTION ( 'NONE',  ( -0.5000000000000004441, 1.060575238724906545E-16, -0.8660254037844383745 ) ) ;
#2583 = CARTESIAN_POINT ( 'NONE',  ( -8.570335710299064047, 3.000000000000000444, 3.673940397442061347E-16 ) ) ;
#2584 = ORIENTED_EDGE ( 'NONE', *, *, #1506, .T. ) ;
#2585 = LINE ( 'NONE', #2122, #2528 ) ;
#2586 = AXIS2_PLACEMENT_3D ( 'NONE', #31, #929, #1828 ) ;
#2587 = EDGE_CURVE ( 'NONE', #2269, #262, #1971, .T. ) ;
#2588 = DIRECTION ( 'NONE',  ( 1.000000000000000000, 0.000000000000000000, 0.000000000000000000 ) ) ;
#2589 = CARTESIAN_POINT ( 'NONE',  ( 1.101265042615834355, 0.5000000000000000000, -2.640249144232718503 ) ) ;
#2590 = EDGE_CURVE ( 'NONE', #1924, #816, #1725, .T. ) ;
#2591 = VERTEX_POINT ( 'NONE', #193 ) ;
#2592 = ORIENTED_EDGE ( 'NONE', *, *, #2568, .F. ) ;
#2593 = DIRECTION ( 'NONE',  ( 0.000000000000000000, -1.000000000000000000, 0.000000000000000000 ) ) ;
#2594 = ORIENTED_EDGE ( 'NONE', *, *, #2392, .T. ) ;
#2595 = CARTESIAN_POINT ( 'NONE',  ( 6.768749999999999822, 0.000000000000000000, 3.000000000000000000 ) ) ;
#2596 = DIRECTION ( 'NONE',  ( -1.000000000000000000, -0.000000000000000000, -0.000000000000000000 ) ) ;
#2597 = CIRCLE ( 'NONE', #2165, 1.800000000000000711 ) ;
#2598 = CIRCLE ( 'NONE', #2362, 2.531047243850726769 ) ;
#2599 = CARTESIAN_POINT ( 'NONE',  ( -8.570335710299064047, -3.000000000000002220, 0.000000000000000000 ) ) ;
#2600 = ORIENTED_EDGE ( 'NONE', *, *, #1267, .T. ) ;
#2601 = CC_DESIGN_PERSON_AND_ORGANIZATION_ASSIGNMENT ( #2906, #1044, ( #1047 ) ) ;
#2602 = CARTESIAN_POINT ( 'NONE',  ( 1.191300000000000248, -0.5000000000000000000, 2.481169109634480563 ) ) ;
#2603 = ORIENTED_EDGE ( 'NONE', *, *, #400, .F. ) ;
#2604 = ORIENTED_EDGE ( 'NONE', *, *, #2370, .T. ) ;
#2605 = CARTESIAN_POINT ( 'NONE',  ( 2.111850000000000005, 0.000000000000000000, 0.000000000000000000 ) ) ;
#2606 = ORIENTED_EDGE ( 'NONE', *, *, #1212, .F. ) ;
#2607 = AXIS2_PLACEMENT_3D ( 'NONE', #140, #2814, #1689 ) ;
#2608 = DIRECTION ( 'NONE',  ( -1.000000000000000000, -0.000000000000000000, -0.000000000000000000 ) ) ;
#2609 = CARTESIAN_POINT ( 'NONE',  ( 0.3698513780746373603, -0.5000000000000000000, 2.783805222686511538 ) ) ;
#2610 = CC_DESIGN_APPROVAL ( #984, ( #1239 ) ) ;
#2611 = CARTESIAN_POINT ( 'NONE',  ( 2.869950000000000223, -3.000000000000000000, 0.000000000000000000 ) ) ;
#2612 = ORIENTED_EDGE ( 'NONE', *, *, #2372, .T. ) ;
#2613 = AXIS2_PLACEMENT_3D ( 'NONE', #2825, #583, #796 ) ;
#2614 = VECTOR ( 'NONE', #1165, 1000.000000000000000 ) ;
#2615 = CARTESIAN_POINT ( 'NONE',  ( 1.570350000000000135, 0.000000000000000000, 0.000000000000000000 ) ) ;
#2616 = EDGE_CURVE ( 'NONE', #2302, #1555, #1907, .T. ) ;
#2617 = B_SPLINE_CURVE_WITH_KNOTS ( 'NONE', 3,
 ( #528, #322, #2774, #88 ),
 .UNSPECIFIED., .F., .F.,
 ( 4, 4 ),
 ( 0.004096738618064827558, 0.004645112974112286346 ),
 .UNSPECIFIED. ) ;
#2618 = ORIENTED_EDGE ( 'NONE', *, *, #453, .T. ) ;
#2619 = VERTEX_POINT ( 'NONE', #2653 ) ;
#2620 = DIRECTION ( 'NONE',  ( 0.000000000000000000, 0.000000000000000000, 1.000000000000000000 ) ) ;
#2621 = ORIENTED_EDGE ( 'NONE', *, *, #491, .T. ) ;
#2622 = CONICAL_SURFACE ( 'NONE', #1910, 2.458500000000000796, 0.7853981633974471688 ) ;
#2623 = CARTESIAN_POINT ( 'NONE',  ( 0.6315349573841660957, 0.5000000000000000000, 2.640249144232718503 ) ) ;
#2624 = CARTESIAN_POINT ( 'NONE',  ( 4.061249999999999361, 3.000000000000000444, 3.673940397442061347E-16 ) ) ;
#2625 = CONICAL_SURFACE ( 'NONE', #596, 3.000000000000000000, 1.047197551196597187 ) ;
#2626 = EDGE_LOOP ( 'NONE', ( #2412, #2474, #1738, #2604, #30 ) ) ;
#2627 = EDGE_CURVE ( 'NONE', #2619, #2171, #2523, .T. ) ;
#2628 = DIRECTION ( 'NONE',  ( 0.4999999999999995004, 1.060575238724907285E-16, 0.8660254037844389297 ) ) ;
#2629 = ORIENTED_EDGE ( 'NONE', *, *, #2274, .F. ) ;
#2630 = CARTESIAN_POINT ( 'NONE',  ( 3.411449999999999871, -3.000000000000000444, 0.000000000000000000 ) ) ;
#2631 = CARTESIAN_POINT ( 'NONE',  ( 6.389699999999999491, 0.000000000000000000, 0.000000000000000000 ) ) ;
#2632 = VERTEX_POINT ( 'NONE', #2208 ) ;
#2633 = CARTESIAN_POINT ( 'NONE',  ( 4.061249999999999361, -3.000000000000000444, 0.000000000000000000 ) ) ;
#2634 = DIRECTION ( 'NONE',  ( 0.000000000000000000, 0.000000000000000000, -1.000000000000000000 ) ) ;
#2635 = ORIENTED_EDGE ( 'NONE', *, *, #2034, .F. ) ;
#2636 = CARTESIAN_POINT ( 'NONE',  ( 12.00000000000000000, 1.800000000000000266, 2.326828918379972351E-16 ) ) ;
#2637 = EDGE_CURVE ( 'NONE', #2494, #731, #2664, .T. ) ;
#2638 = CARTESIAN_POINT ( 'NONE',  ( -1.342065565966833835E-16, -0.5000000000000000000, 2.407119076821918391 ) ) ;
#2639 = ORIENTED_EDGE ( 'NONE', *, *, #2027, .F. ) ;
#2640 = EDGE_CURVE ( 'NONE', #2040, #1702, #1063, .T. ) ;
#2641 = AXIS2_PLACEMENT_3D ( 'NONE', #1286, #2657, #663 ) ;
#2642 = CONICAL_SURFACE ( 'NONE', #2832, 3.000000000000000000, 1.047197551196597187 ) ;
#2643 = DIRECTION ( 'NONE',  ( 0.000000000000000000, 0.000000000000000000, 1.000000000000000000 ) ) ;
#2644 = VERTEX_POINT ( 'NONE', #633 ) ;
#2645 = CARTESIAN_POINT ( 'NONE',  ( 0.4271500200656432877, 0.5000000000000000000, 2.682972969063846413 ) ) ;
#2646 = DIRECTION ( 'NONE',  ( 0.000000000000000000, 0.000000000000000000, 1.000000000000000000 ) ) ;
#2647 = ORIENTED_EDGE ( 'NONE', *, *, #757, .F. ) ;
#2648 = CARTESIAN_POINT ( 'NONE',  ( 7.310249999999999915, 0.000000000000000000, -3.000000000000000888 ) ) ;
#2649 = DIRECTION ( 'NONE',  ( 1.000000000000000000, 2.522956547628765341E-19, 0.000000000000000000 ) ) ;
#2650 = ORIENTED_EDGE ( 'NONE', *, *, #2760, .T. ) ;
#2651 = CARTESIAN_POINT ( 'NONE',  ( 3.140700000000000269, 0.000000000000000000, -2.531047243850726769 ) ) ;
#2652 = CIRCLE ( 'NONE', #391, 3.000000000000000000 ) ;
#2653 = CARTESIAN_POINT ( 'NONE',  ( 6.660449999999999982, -3.000000000000000444, 0.000000000000000000 ) ) ;
#2654 = CIRCLE ( 'NONE', #1241, 3.000000000000000000 ) ;
#2655 = CIRCLE ( 'NONE', #821, 3.000000000000000444 ) ;
#2656 = CARTESIAN_POINT ( 'NONE',  ( 4.819350000000000023, 0.000000000000000000, 0.000000000000000000 ) ) ;
#2657 = DIRECTION ( 'NONE',  ( -1.000000000000000000, -0.000000000000000000, -0.000000000000000000 ) ) ;
#2658 = DIRECTION ( 'NONE',  ( -1.000000000000000000, -0.000000000000000000, -0.000000000000000000 ) ) ;
#2659 = CIRCLE ( 'NONE', #1764, 3.000000000000000000 ) ;
#2660 = ORIENTED_EDGE ( 'NONE', *, *, #881, .F. ) ;
#2661 = B_SPLINE_CURVE_WITH_KNOTS ( 'NONE', 3,
 ( #2388, #2623, #613, #2863 ),
 .UNSPECIFIED., .F., .F.,
 ( 4, 4 ),
 ( 0.01018169967278265836, 0.01073247566019567417 ),
 .UNSPECIFIED. ) ;
#2662 = FACE_OUTER_BOUND ( 'NONE', #1033, .T. ) ;
#2663 = CARTESIAN_POINT ( 'NONE',  ( 3.790500000000000203, 0.000000000000000000, 0.000000000000000000 ) ) ;
#2664 = CIRCLE ( 'NONE', #2194, 2.531047243850726769 ) ;
#2665 = VERTEX_POINT ( 'NONE', #2895 ) ;
#2666 = VECTOR ( 'NONE', #1640, 1000.000000000000000 ) ;
#2667 = FACE_OUTER_BOUND ( 'NONE', #2322, .T. ) ;
#2668 = DATE_AND_TIME ( #1983, #1474 ) ;
#2669 = DIRECTION ( 'NONE',  ( -1.000000000000000000, -0.000000000000000000, -0.000000000000000000 ) ) ;
#2670 = EDGE_CURVE ( 'NONE', #2247, #1477, #21, .T. ) ;
#2671 = ADVANCED_FACE ( 'NONE', ( #2419 ), #2622, .T. ) ;
#2672 = ADVANCED_FACE ( 'NONE', ( #2869 ), #1151, .T. ) ;
#2673 = CARTESIAN_POINT ( 'NONE',  ( -1.342065565966833835E-16, -0.5000000000000000000, 0.000000000000000000 ) ) ;
#2674 = CARTESIAN_POINT ( 'NONE',  ( 6.118949999999999889, 0.000000000000000000, 0.000000000000000000 ) ) ;
#2675 = CONICAL_SURFACE ( 'NONE', #1398, 2.531047243850726769, 1.047197551196598297 ) ;
#2676 = EDGE_LOOP ( 'NONE', ( #1948, #1902, #835, #2287, #498 ) ) ;
#2677 = DIRECTION ( 'NONE',  ( -1.000000000000000000, -0.000000000000000000, -0.000000000000000000 ) ) ;
#2678 = CARTESIAN_POINT ( 'NONE',  ( 0.2464147722141746821, -0.5000000000000000000, -2.658393397374475775 ) ) ;
#2679 = ORIENTED_EDGE ( 'NONE', *, *, #1752, .F. ) ;
#2680 = CARTESIAN_POINT ( 'NONE',  ( 4.169550000000000090, 0.000000000000000000, 0.000000000000000000 ) ) ;
#2681 = CC_DESIGN_PERSON_AND_ORGANIZATION_ASSIGNMENT ( #2446, #421, ( #240 ) ) ;
#2682 = CARTESIAN_POINT ( 'NONE',  ( 1.660781168986558809, -0.5000000000000000000, 2.799186679610361939 ) ) ;
#2683 = TOROIDAL_SURFACE ( 'NONE', #143, 1.800000000000000711, 0.2000000000000000111 ) ;
#2684 = CARTESIAN_POINT ( 'NONE',  ( 5.739900000000000446, 0.000000000000000000, 0.000000000000000000 ) ) ;
#2685 = CARTESIAN_POINT ( 'NONE',  ( 5.090100000000000513, 0.000000000000000000, -2.531047243850726769 ) ) ;
#2686 = ORIENTED_EDGE ( 'NONE', *, *, #1102, .T. ) ;
#2687 = DIRECTION ( 'NONE',  ( -0.5000000000000004441, 1.060575238724906545E-16, -0.8660254037844383745 ) ) ;
#2688 = DIRECTION ( 'NONE',  ( 0.000000000000000000, 0.000000000000000000, -1.000000000000000000 ) ) ;
#2689 = EDGE_CURVE ( 'NONE', #2105, #135, #117, .T. ) ;
#2690 = EDGE_CURVE ( 'NONE', #839, #521, #2827, .T. ) ;
#2691 = ORIENTED_EDGE ( 'NONE', *, *, #2098, .T. ) ;
#2692 = FACE_OUTER_BOUND ( 'NONE', #2431, .T. ) ;
#2693 = LOCAL_TIME ( 23, 2, 37.00000000000000000, #2221 ) ;
#2694 = AXIS2_PLACEMENT_3D ( 'NONE', #2532, #512, #2310 ) ;
#2695 = CARTESIAN_POINT ( 'NONE',  ( 3.519749999999999712, 0.000000000000000000, 0.000000000000000000 ) ) ;
#2696 = DIRECTION ( 'NONE',  ( -1.000000000000000000, -0.000000000000000000, -0.000000000000000000 ) ) ;
#2697 = CARTESIAN_POINT ( 'NONE',  ( -8.570335710299064047, -7.347638122934263549E-16, 0.000000000000000000 ) ) ;
#2698 = TOROIDAL_SURFACE ( 'NONE', #161, 1.800000000000000711, 0.2000000000000000111 ) ;
#2699 = ORIENTED_EDGE ( 'NONE', *, *, #1780, .T. ) ;
#2700 = CARTESIAN_POINT ( 'NONE',  ( 6.010650000000000048, 0.000000000000000000, -3.000000000000000888 ) ) ;
#2701 = CARTESIAN_POINT ( 'NONE',  ( 0.1231073104550393232, -0.5000000000000000000, -2.532854162247484275 ) ) ;
#2702 = VECTOR ( 'NONE', #221, 1000.000000000000000 ) ;
#2703 = ORIENTED_EDGE ( 'NONE', *, *, #646, .T. ) ;
#2704 = CIRCLE ( 'NONE', #2755, 0.2000000000000005107 ) ;
#2705 = DIRECTION ( 'NONE',  ( 0.000000000000000000, -1.000000000000000000, 0.000000000000000000 ) ) ;
#2706 = EDGE_CURVE ( 'NONE', #816, #2231, #2432, .T. ) ;
#2707 = CIRCLE ( 'NONE', #354, 3.000000000000000000 ) ;
#2708 = DIRECTION ( 'NONE',  ( -0.7071067811865464625, 0.7071067811865486830, 8.659560562354947649E-17 ) ) ;
#2709 = DIRECTION ( 'NONE',  ( -1.000000000000000000, -0.000000000000000000, -0.000000000000000000 ) ) ;
#2710 = DIRECTION ( 'NONE',  ( 0.000000000000000000, -1.000000000000000000, 0.000000000000000000 ) ) ;
#2711 = CARTESIAN_POINT ( 'NONE',  ( 5.090100000000000513, 0.000000000000000000, 0.000000000000000000 ) ) ;
#2712 = DIRECTION ( 'NONE',  ( -1.000000000000000000, -2.522956547627780710E-19, -0.000000000000000000 ) ) ;
#2713 = ORIENTED_EDGE ( 'NONE', *, *, #1498, .F. ) ;
#2714 = CARTESIAN_POINT ( 'NONE',  ( 1.841100000000000181, 3.099638905672523263E-16, 2.531047243850726769 ) ) ;
#2715 = AXIS2_PLACEMENT_3D ( 'NONE', #236, #2677, #653 ) ;
#2716 = DIRECTION ( 'NONE',  ( 0.000000000000000000, 0.000000000000000000, 1.000000000000000000 ) ) ;
#2717 = ORIENTED_EDGE ( 'NONE', *, *, #133, .F. ) ;
#2718 = DIRECTION ( 'NONE',  ( -1.000000000000000000, -0.000000000000000000, -0.000000000000000000 ) ) ;
#2719 = ADVANCED_FACE ( 'NONE', ( #1310 ), #1566, .T. ) ;
#2720 = DIRECTION ( 'NONE',  ( -1.000000000000000000, -2.522956547627780710E-19, -0.000000000000000000 ) ) ;
#2721 = CARTESIAN_POINT ( 'NONE',  ( -8.570335710299064047, 3.000000000000000444, 3.673940397442061347E-16 ) ) ;
#2722 = ORIENTED_EDGE ( 'NONE', *, *, #838, .F. ) ;
#2723 = FACE_OUTER_BOUND ( 'NONE', #120, .T. ) ;
#2724 = LINE ( 'NONE', #2583, #1905 ) ;
#2725 = AXIS2_PLACEMENT_3D ( 'NONE', #843, #1301, #182 ) ;
#2726 = DIRECTION ( 'NONE',  ( -0.000000000000000000, 1.000000000000000000, 0.000000000000000000 ) ) ;
#2727 = CIRCLE ( 'NONE', #1461, 3.000000000000000444 ) ;
#2728 = ORIENTED_EDGE ( 'NONE', *, *, #1100, .F. ) ;
#2729 = ORIENTED_EDGE ( 'NONE', *, *, #748, .F. ) ;
#2730 = CIRCLE ( 'NONE', #2022, 3.000000000000000444 ) ;
#2731 = CARTESIAN_POINT ( 'NONE',  ( 4.440300000000000580, 0.000000000000000000, 2.531047243850726769 ) ) ;
#2732 = PLANE ( 'NONE',  #1853 ) ;
#2733 = EDGE_LOOP ( 'NONE', ( #1868, #1691, #2499, #2306, #2203, #483 ) ) ;
#2734 = CARTESIAN_POINT ( 'NONE',  ( -8.570335710299064047, -7.347638122934263549E-16, 0.000000000000000000 ) ) ;
#2735 = EDGE_CURVE ( 'NONE', #2129, #621, #2387, .T. ) ;
#2736 = DIRECTION ( 'NONE',  ( -1.000000000000000000, -0.000000000000000000, -0.000000000000000000 ) ) ;
#2737 = ORIENTED_EDGE ( 'NONE', *, *, #1784, .T. ) ;
#2738 = FACE_OUTER_BOUND ( 'NONE', #1886, .T. ) ;
#2739 = ORIENTED_EDGE ( 'NONE', *, *, #918, .F. ) ;
#2740 = CIRCLE ( 'NONE', #948, 3.000000000000000444 ) ;
#2741 = CARTESIAN_POINT ( 'NONE',  ( 11.80000000000000071, -7.296244651076588020E-16, 0.000000000000000000 ) ) ;
#2742 = CARTESIAN_POINT ( 'NONE',  ( -1.349529732912990387E-16, 2.458499999999999908, 0.000000000000000000 ) ) ;
#2743 = FACE_OUTER_BOUND ( 'NONE', #2544, .T. ) ;
#2744 = ADVANCED_FACE ( 'NONE', ( #936 ), #2285, .T. ) ;
#2745 = ORIENTED_EDGE ( 'NONE', *, *, #2335, .T. ) ;
#2746 = ADVANCED_FACE ( 'NONE', ( #706 ), #2341, .T. ) ;
#2747 = ORIENTED_EDGE ( 'NONE', *, *, #1796, .F. ) ;
#2748 = CARTESIAN_POINT ( 'NONE',  ( 0.8122500000000001386, -0.5000000000000000000, -2.958039891549808953 ) ) ;
#2749 = DIRECTION ( 'NONE',  ( -1.000000000000000000, -2.522956547627780710E-19, -0.000000000000000000 ) ) ;
#2750 = CIRCLE ( 'NONE', #2083, 3.000000000000000444 ) ;
#2751 = AXIS2_PLACEMENT_3D ( 'NONE', #183, #1080, #1976 ) ;
#2752 = ORIENTED_EDGE ( 'NONE', *, *, #1172, .F. ) ;
#2753 = CARTESIAN_POINT ( 'NONE',  ( 0.3698513780746371937, -0.5000000000000000000, -2.783805222686511982 ) ) ;
#2754 = CIRCLE ( 'NONE', #72, 0.2000000000000000944 ) ;
#2755 = AXIS2_PLACEMENT_3D ( 'NONE', #831, #1510, #2210 ) ;
#2756 = ADVANCED_FACE ( 'NONE', ( #503 ), #737, .T. ) ;
#2757 = ORIENTED_EDGE ( 'NONE', *, *, #764, .F. ) ;
#2758 = DIRECTION ( 'NONE',  ( 0.000000000000000000, -1.000000000000000000, 0.000000000000000000 ) ) ;
#2759 = AXIS2_PLACEMENT_3D ( 'NONE', #1807, #2917, #1128 ) ;
#2760 = EDGE_CURVE ( 'NONE', #798, #189, #1489, .T. ) ;
#2761 = DIRECTION ( 'NONE',  ( -1.000000000000000000, -0.000000000000000000, -0.000000000000000000 ) ) ;
#2762 = DIRECTION ( 'NONE',  ( 0.000000000000000000, 0.000000000000000000, -1.000000000000000000 ) ) ;
#2763 = DIRECTION ( 'NONE',  ( 1.000000000000000000, 2.522956547627780710E-19, 0.000000000000000000 ) ) ;
#2764 = EDGE_CURVE ( 'NONE', #2237, #1978, #1634, .T. ) ;
#2765 = EDGE_CURVE ( 'NONE', #2591, #1750, #458, .T. ) ;
#2766 = ORIENTED_EDGE ( 'NONE', *, *, #1649, .T. ) ;
#2767 = EDGE_CURVE ( 'NONE', #1386, #2302, #739, .T. ) ;
#2768 = ORIENTED_EDGE ( 'NONE', *, *, #1579, .F. ) ;
#2769 = FACE_OUTER_BOUND ( 'NONE', #815, .T. ) ;
#2770 = DIRECTION ( 'NONE',  ( 0.7071067811865483499, 0.7071067811865466846, 0.000000000000000000 ) ) ;
#2771 = ORIENTED_EDGE ( 'NONE', *, *, #2908, .F. ) ;
#2772 = CARTESIAN_POINT ( 'NONE',  ( -8.570335710299064047, 0.5000000000000000000, 2.958039891549809397 ) ) ;
#2773 = VERTEX_POINT ( 'NONE', #2301 ) ;
#2774 = CARTESIAN_POINT ( 'NONE',  ( 0.6315341274890395873, 0.5000000000000000000, -2.640247677916198299 ) ) ;
#2775 = CARTESIAN_POINT ( 'NONE',  ( 1.462050000000000072, -0.5000000000000000000, -2.958039891549808953 ) ) ;
#2776 = CARTESIAN_POINT ( 'NONE',  ( 8.691421356237309936, -7.304087459919686261E-16, 0.000000000000000000 ) ) ;
#2777 = ORIENTED_EDGE ( 'NONE', *, *, #655, .F. ) ;
#2778 = ORIENTED_EDGE ( 'NONE', *, *, #1630, .F. ) ;
#2779 = DIRECTION ( 'NONE',  ( 0.000000000000000000, 0.000000000000000000, 1.000000000000000000 ) ) ;
#2780 = DIRECTION ( 'NONE',  ( 0.000000000000000000, 0.000000000000000000, 1.000000000000000000 ) ) ;
#2781 = CONICAL_SURFACE ( 'NONE', #282, 2.531047243850726769, 1.047197551196598297 ) ;
#2782 = EDGE_CURVE ( 'NONE', #639, #2409, #1391, .T. ) ;
#2783 = ORIENTED_EDGE ( 'NONE', *, *, #1172, .T. ) ;
#2784 = AXIS2_PLACEMENT_3D ( 'NONE', #1818, #2718, #2905 ) ;
#2785 = ADVANCED_FACE ( 'NONE', ( #2539 ), #278, .T. ) ;
#2786 = CARTESIAN_POINT ( 'NONE',  ( 0.5415000000000003144, 0.5000000000000000000, -2.481169109634480563 ) ) ;
#2787 = VERTEX_POINT ( 'NONE', #2028 ) ;
#2788 = APPLICATION_PROTOCOL_DEFINITION ( 'international standard', 'config_control_design', 1994, #1264 ) ;
#2789 = LINE ( 'NONE', #1668, #213 ) ;
#2790 = LINE ( 'NONE', #62, #2336 ) ;
#2791 = ORIENTED_EDGE ( 'NONE', *, *, #2057, .F. ) ;
#2792 = VERTEX_POINT ( 'NONE', #2061 ) ;
#2793 = CARTESIAN_POINT ( 'NONE',  ( 3.140700000000000269, 0.000000000000000000, 0.000000000000000000 ) ) ;
#2794 = DIRECTION ( 'NONE',  ( 0.000000000000000000, 0.000000000000000000, -1.000000000000000000 ) ) ;
#2795 = ORIENTED_EDGE ( 'NONE', *, *, #866, .T. ) ;
#2796 = DIRECTION ( 'NONE',  ( -1.000000000000000000, -0.000000000000000000, -0.000000000000000000 ) ) ;
#2797 = DIRECTION ( 'NONE',  ( 0.000000000000000000, 0.000000000000000000, -1.000000000000000000 ) ) ;
#2798 = AXIS2_PLACEMENT_3D ( 'NONE', #127, #2389, #1028 ) ;
#2799 = CONICAL_SURFACE ( 'NONE', #230, 2.531047243850726769, 1.047197551196598297 ) ;
#2800 = ADVANCED_FACE ( 'NONE', ( #1856 ), #1867, .T. ) ;
#2801 = ADVANCED_FACE ( 'NONE', ( #2244 ), #2625, .T. ) ;
#2802 = AXIS2_PLACEMENT_3D ( 'NONE', #1530, #2837, #2620 ) ;
#2803 = ORIENTED_EDGE ( 'NONE', *, *, #1428, .T. ) ;
#2804 = DIRECTION ( 'NONE',  ( 1.000000000000000000, 0.000000000000000000, 0.000000000000000000 ) ) ;
#2805 = CARTESIAN_POINT ( 'NONE',  ( -8.570335710299064047, -7.347638122934263549E-16, 0.000000000000000000 ) ) ;
#2806 = CARTESIAN_POINT ( 'NONE',  ( 1.010981168986559098, 0.5000000000000000000, -2.799186679610361050 ) ) ;
#2807 = AXIS2_PLACEMENT_3D ( 'NONE', #2656, #1463, #2397 ) ;
#2808 = VERTEX_POINT ( 'NONE', #1116 ) ;
#2809 = EDGE_LOOP ( 'NONE', ( #2358, #1347, #1760, #2444, #1132, #935 ) ) ;
#2810 = AXIS2_PLACEMENT_3D ( 'NONE', #203, #2434, #1297 ) ;
#2811 = FACE_OUTER_BOUND ( 'NONE', #684, .T. ) ;
#2812 = ORIENTED_EDGE ( 'NONE', *, *, #2168, .F. ) ;
#2813 = CARTESIAN_POINT ( 'NONE',  ( 2.000000000000000444, 0.000000000000000000, -2.806270117173422118 ) ) ;
#2814 = DIRECTION ( 'NONE',  ( -1.000000000000000000, -0.000000000000000000, -0.000000000000000000 ) ) ;
#2815 = DIRECTION ( 'NONE',  ( -1.000000000000000000, -0.000000000000000000, -0.000000000000000000 ) ) ;
#2816 = ORIENTED_EDGE ( 'NONE', *, *, #1968, .F. ) ;
#2817 = DIRECTION ( 'NONE',  ( 1.000000000000000000, 0.000000000000000000, 0.000000000000000000 ) ) ;
#2818 = AXIS2_PLACEMENT_3D ( 'NONE', #641, #1317, #582 ) ;
#2819 = DIRECTION ( 'NONE',  ( 2.522956547627780710E-19, -1.000000000000000000, 0.000000000000000000 ) ) ;
#2820 = ORIENTED_EDGE ( 'NONE', *, *, #2335, .F. ) ;
#2821 = ORIENTED_EDGE ( 'NONE', *, *, #2690, .F. ) ;
#2822 = DIRECTION ( 'NONE',  ( 0.000000000000000000, 0.000000000000000000, 1.000000000000000000 ) ) ;
#2823 = ORIENTED_EDGE ( 'NONE', *, *, #118, .T. ) ;
#2824 = LINE ( 'NONE', #361, #1136 ) ;
#2825 = CARTESIAN_POINT ( 'NONE',  ( 0.8122500000000001386, 0.000000000000000000, 0.000000000000000000 ) ) ;
#2826 = AXIS2_PLACEMENT_3D ( 'NONE', #2245, #1313, #2004 ) ;
#2827 = B_SPLINE_CURVE_WITH_KNOTS ( 'NONE', 3,
 ( #2197, #180, #2682, #661 ),
 .UNSPECIFIED., .F., .F.,
 ( 4, 4 ),
 ( 0.01018169967278266530, 0.01073247566019568111 ),
 .UNSPECIFIED. ) ;
#2828 = CARTESIAN_POINT ( 'NONE',  ( 8.832842712474617386, -7.303730659982992492E-16, 0.000000000000000000 ) ) ;
#2829 = ORIENTED_EDGE ( 'NONE', *, *, #762, .T. ) ;
#2830 =( LENGTH_UNIT ( ) NAMED_UNIT ( * ) SI_UNIT ( .MILLI., .METRE. ) );
#2831 = EDGE_CURVE ( 'NONE', #104, #254, #1493, .T. ) ;
#2832 = AXIS2_PLACEMENT_3D ( 'NONE', #1114, #2252, #20 ) ;
#2833 = CARTESIAN_POINT ( 'NONE',  ( 1.010981168986559098, -0.5000000000000000000, 2.799186679610360606 ) ) ;
#2834 = ADVANCED_FACE ( 'NONE', ( #2738 ), #2014, .T. ) ;
#2835 = VERTEX_POINT ( 'NONE', #1581 ) ;
#2836 = VERTEX_POINT ( 'NONE', #1353 ) ;
#2837 = DIRECTION ( 'NONE',  ( -1.000000000000000000, -0.000000000000000000, -0.000000000000000000 ) ) ;
#2838 = EDGE_CURVE ( 'NONE', #1386, #1227, #693, .T. ) ;
#2839 = ADVANCED_FACE ( 'NONE', ( #23 ), #2134, .T. ) ;
#2840 = EDGE_LOOP ( 'NONE', ( #1021, #1030, #1687, #907 ) ) ;
#2841 = VECTOR ( 'NONE', #2278, 1000.000000000000000 ) ;
#2842 = CARTESIAN_POINT ( 'NONE',  ( -1.343327044240647687E-16, -7.326015538338596896E-16, 0.000000000000000000 ) ) ;
#2843 = DIRECTION ( 'NONE',  ( -1.000000000000000000, -0.000000000000000000, -0.000000000000000000 ) ) ;
#2844 = EDGE_LOOP ( 'NONE', ( #595, #2251, #885, #2113, #1567 ) ) ;
#2845 = AXIS2_PLACEMENT_3D ( 'NONE', #2734, #291, #1677 ) ;
#2846 = B_SPLINE_CURVE_WITH_KNOTS ( 'NONE', 3,
 ( #1608, #2504, #1246, #1440 ),
 .UNSPECIFIED., .F., .F.,
 ( 4, 4 ),
 ( 0.004096738618064827558, 0.004645112974112286346 ),
 .UNSPECIFIED. ) ;
#2847 = CYLINDRICAL_SURFACE ( 'NONE', #1008, 3.000000000000001332 ) ;
#2848 = VERTEX_POINT ( 'NONE', #2093 ) ;
#2849 = CONICAL_SURFACE ( 'NONE', #301, 3.000000000000000000, 1.047197551196597187 ) ;
#2850 = AXIS2_PLACEMENT_3D ( 'NONE', #1275, #2175, #2414 ) ;
#2851 = AXIS2_PLACEMENT_3D ( 'NONE', #2605, #1963, #2822 ) ;
#2852 = EDGE_CURVE ( 'NONE', #2284, #290, #2617, .T. ) ;
#2853 = DIRECTION ( 'NONE',  ( -1.000000000000000000, -0.000000000000000000, -0.000000000000000000 ) ) ;
#2854 = CIRCLE ( 'NONE', #1382, 2.531047243850726769 ) ;
#2855 = ORIENTED_EDGE ( 'NONE', *, *, #293, .T. ) ;
#2856 = EDGE_CURVE ( 'NONE', #2792, #1041, #2292, .T. ) ;
#2857 = AXIS2_PLACEMENT_3D ( 'NONE', #2711, #506, #2482 ) ;
#2858 = ORIENTED_EDGE ( 'NONE', *, *, #1523, .F. ) ;
#2859 = LINE ( 'NONE', #1935, #729 ) ;
#2860 = EDGE_CURVE ( 'NONE', #463, #1515, #2865, .T. ) ;
#2861 = EDGE_CURVE ( 'NONE', #1702, #2512, #2104, .T. ) ;
#2862 = ORIENTED_EDGE ( 'NONE', *, *, #1504, .F. ) ;
#2863 = CARTESIAN_POINT ( 'NONE',  ( 0.8122500000000001386, 0.5000000000000000000, 2.958039891549808953 ) ) ;
#2864 = CARTESIAN_POINT ( 'NONE',  ( 2.490900000000000336, 0.000000000000000000, -2.531047243850726769 ) ) ;
#2865 = CIRCLE ( 'NONE', #216, 3.000000000000000000 ) ;
#2866 = ORIENTED_EDGE ( 'NONE', *, *, #2147, .T. ) ;
#2867 = FACE_OUTER_BOUND ( 'NONE', #2733, .T. ) ;
#2868 = AXIS2_PLACEMENT_3D ( 'NONE', #1134, #2471, #2007 ) ;
#2869 = FACE_OUTER_BOUND ( 'NONE', #969, .T. ) ;
#2870 = ORIENTED_EDGE ( 'NONE', *, *, #1266, .T. ) ;
#2871 = DIRECTION ( 'NONE',  ( 0.000000000000000000, 0.000000000000000000, 1.000000000000000000 ) ) ;
#2872 = DIRECTION ( 'NONE',  ( 0.4999999999999995004, 1.060575238724907285E-16, 0.8660254037844389297 ) ) ;
#2873 = ORIENTED_EDGE ( 'NONE', *, *, #2202, .T. ) ;
#2874 = EDGE_CURVE ( 'NONE', #2494, #2644, #1708, .T. ) ;
#2875 = CARTESIAN_POINT ( 'NONE',  ( 4.061249999999999361, 3.673940397442060361E-16, 3.000000000000000444 ) ) ;
#2876 = CARTESIAN_POINT ( 'NONE',  ( 0.4843756458130615838, -0.5000000000000000000, 2.582100397930489954 ) ) ;
#2877 = EDGE_CURVE ( 'NONE', #200, #2155, #79, .T. ) ;
#2878 = ORIENTED_EDGE ( 'NONE', *, *, #2908, .T. ) ;
#2879 = AXIS2_PLACEMENT_3D ( 'NONE', #2684, #2920, #622 ) ;
#2880 = CARTESIAN_POINT ( 'NONE',  ( -8.570335710299064047, -7.347638122934263549E-16, 0.000000000000000000 ) ) ;
#2881 = CIRCLE ( 'NONE', #1459, 2.828351378074637434 ) ;
#2882 = CONICAL_SURFACE ( 'NONE', #1563, 3.000000000000000000, 1.047197551196597187 ) ;
#2883 = CARTESIAN_POINT ( 'NONE',  ( 7.039499999999999424, 3.099638905672523263E-16, 2.531047243850726769 ) ) ;
#2884 = DIRECTION ( 'NONE',  ( 1.000000000000000000, 0.000000000000000000, 0.000000000000000000 ) ) ;
#2885 = CARTESIAN_POINT ( 'NONE',  ( 5.469149999999999956, 0.000000000000000000, 3.000000000000000000 ) ) ;
#2886 = CARTESIAN_POINT ( 'NONE',  ( 8.750000000000000000, -7.303939668546852517E-16, 0.000000000000000000 ) ) ;
#2887 = ORIENTED_EDGE ( 'NONE', *, *, #2457, .F. ) ;
#2888 = CARTESIAN_POINT ( 'NONE',  ( 0.3698513780746371937, -0.5000000000000000000, -2.783805222686511982 ) ) ;
#2889 = CARTESIAN_POINT ( 'NONE',  ( 0.8122500000000001386, -0.5000000000000000000, 2.958039891549808953 ) ) ;
#2890 = ORIENTED_EDGE ( 'NONE', *, *, #882, .T. ) ;
#2891 = LINE ( 'NONE', #862, #2261 ) ;
#2892 = PERSON_AND_ORGANIZATION ( #1771, #2559 ) ;
#2893 = EDGE_CURVE ( 'NONE', #1392, #1989, #1770, .T. ) ;
#2894 = EDGE_CURVE ( 'NONE', #124, #766, #1896, .T. ) ;
#2895 = CARTESIAN_POINT ( 'NONE',  ( 4.819350000000000023, -3.000000000000000000, 0.000000000000000000 ) ) ;
#2896 = VECTOR ( 'NONE', #2770, 1000.000000000000000 ) ;
#2897 = CARTESIAN_POINT ( 'NONE',  ( 0.3698513780746371937, 0.5000000000000000000, 2.783805222686511982 ) ) ;
#2898 = CYLINDRICAL_SURFACE ( 'NONE', #1342, 3.000000000000001332 ) ;
#2899 = VECTOR ( 'NONE', #427, 1000.000000000000000 ) ;
#2900 = ORIENTED_EDGE ( 'NONE', *, *, #1501, .F. ) ;
#2901 = CARTESIAN_POINT ( 'NONE',  ( 7.418549999999999756, 3.673940397442059868E-16, -3.000000000000000000 ) ) ;
#2902 = CARTESIAN_POINT ( 'NONE',  ( 6.118949999999999889, 0.000000000000000000, 0.000000000000000000 ) ) ;
#2903 = AXIS2_PLACEMENT_3D ( 'NONE', #1171, #1609, #2758 ) ;
#2904 = ORIENTED_EDGE ( 'NONE', *, *, #801, .F. ) ;
#2905 = DIRECTION ( 'NONE',  ( 0.000000000000000000, 0.000000000000000000, 1.000000000000000000 ) ) ;
#2906 = PERSON_AND_ORGANIZATION ( #1771, #2559 ) ;
#2907 = CARTESIAN_POINT ( 'NONE',  ( 1.841100000000000181, 0.5000000000000000000, -2.481169109634480563 ) ) ;
#2908 = EDGE_CURVE ( 'NONE', #189, #536, #2585, .T. ) ;
#2909 = CARTESIAN_POINT ( 'NONE',  ( 7.418549999999999756, 3.673940397442059868E-16, -3.000000000000000000 ) ) ;
#2910 = DIRECTION ( 'NONE',  ( 0.000000000000000000, -1.000000000000000000, 0.000000000000000000 ) ) ;
#2911 = AXIS2_PLACEMENT_3D ( 'NONE', #1389, #2456, #886 ) ;
#2912 = ORIENTED_EDGE ( 'NONE', *, *, #1101, .T. ) ;
#2913 = CYLINDRICAL_SURFACE ( 'NONE', #1449, 3.000000000000001332 ) ;
#2914 = CARTESIAN_POINT ( 'NONE',  ( 6.118949999999999889, 0.000000000000000000, 3.000000000000000000 ) ) ;
#2915 = ORIENTED_EDGE ( 'NONE', *, *, #166, .F. ) ;
#2916 = DIRECTION ( 'NONE',  ( -1.000000000000000000, -0.000000000000000000, -0.000000000000000000 ) ) ;
#2917 = DIRECTION ( 'NONE',  ( -1.000000000000000000, -0.000000000000000000, -0.000000000000000000 ) ) ;
#2918 = AXIS2_PLACEMENT_3D ( 'NONE', #780, #126, #2267 ) ;
#2919 = AXIS2_PLACEMENT_3D ( 'NONE', #481, #1138, #467 ) ;
#2920 = DIRECTION ( 'NONE',  ( -1.000000000000000000, -0.000000000000000000, -0.000000000000000000 ) ) ;
#2921 = DIRECTION ( 'NONE',  ( 0.000000000000000000, 0.000000000000000000, 1.000000000000000000 ) ) ;
#2922 = ORIENTED_EDGE ( 'NONE', *, *, #219, .T. ) ;
ENDSEC;
END-ISO-10303-21;
